-- phpMyAdmin SQL Dump
-- version 5.2.1
-- https://www.phpmyadmin.net/
--
-- Host: localhost
-- Generation Time: Apr 18, 2026 at 02:29 PM
-- Server version: 10.4.28-MariaDB
-- PHP Version: 8.2.4

SET SQL_MODE = "NO_AUTO_VALUE_ON_ZERO";
START TRANSACTION;
SET time_zone = "+00:00";


/*!40101 SET @OLD_CHARACTER_SET_CLIENT=@@CHARACTER_SET_CLIENT */;
/*!40101 SET @OLD_CHARACTER_SET_RESULTS=@@CHARACTER_SET_RESULTS */;
/*!40101 SET @OLD_COLLATION_CONNECTION=@@COLLATION_CONNECTION */;
/*!40101 SET NAMES utf8mb4 */;

--
-- Database: `agrolink`
--

-- --------------------------------------------------------

--
-- Table structure for table `buyer_profiles`
--

CREATE TABLE `buyer_profiles` (
  `id` int(11) NOT NULL,
  `user_id` int(11) NOT NULL,
  `phone` varchar(20) DEFAULT NULL,
  `apartment_code` varchar(50) DEFAULT NULL,
  `street_name` varchar(150) DEFAULT NULL,
  `city` varchar(100) DEFAULT NULL,
  `district` varchar(100) DEFAULT NULL,
  `postal_code` varchar(20) DEFAULT NULL,
  `additional_address_details` varchar(100) DEFAULT NULL,
  `profile_photo` varchar(255) DEFAULT NULL,
  `created_at` timestamp NOT NULL DEFAULT current_timestamp(),
  `updated_at` timestamp NOT NULL DEFAULT current_timestamp() ON UPDATE current_timestamp()
) ENGINE=InnoDB DEFAULT CHARSET=utf8mb4 COLLATE=utf8mb4_general_ci;

--
-- Dumping data for table `buyer_profiles`
--

INSERT INTO `buyer_profiles` (`id`, `user_id`, `phone`, `apartment_code`, `street_name`, `city`, `district`, `postal_code`, `additional_address_details`, `profile_photo`, `created_at`, `updated_at`) VALUES
(1, 11, '0771234567', '26', 'No 1 Main St', 'Wadduwa', 'Kalutara', '00100', '', 'profile_photo_11_1769005209_8874b3e1.jpg', '2025-12-25 16:04:09', '2026-04-17 11:57:57'),
(5, 24, '0778103265', '', '26', 'Wadduwa', 'Kalutara', '12560', '', NULL, '2026-04-03 22:27:44', '2026-04-17 07:59:18'),
(6, 11, '0771234567', '26', 'No 1 Main St', 'Wadduwa', 'Kalutara', '00100', '', NULL, '2026-04-07 05:32:02', '2026-04-17 11:57:57'),
(7, 11, '0771234567', '26', 'No 1 Main St', 'Wadduwa', 'Kalutara', '00100', '', NULL, '2026-04-07 05:32:02', '2026-04-17 11:57:57'),
(8, 42, NULL, NULL, NULL, NULL, NULL, NULL, NULL, NULL, '2026-04-18 11:14:12', '2026-04-18 11:14:12');

-- --------------------------------------------------------

--
-- Table structure for table `cart`
--

CREATE TABLE `cart` (
  `id` int(11) NOT NULL,
  `user_id` int(11) NOT NULL,
  `product_id` varchar(50) NOT NULL,
  `product_name` varchar(255) NOT NULL,
  `product_price` decimal(10,2) NOT NULL,
  `quantity` int(11) NOT NULL DEFAULT 1,
  `farmer_name` varchar(255) NOT NULL,
  `farmer_location` varchar(100) NOT NULL,
  `product_image` varchar(255) DEFAULT NULL,
  `created_at` timestamp NOT NULL DEFAULT current_timestamp(),
  `updated_at` timestamp NOT NULL DEFAULT current_timestamp() ON UPDATE current_timestamp()
) ENGINE=InnoDB DEFAULT CHARSET=utf8mb4 COLLATE=utf8mb4_unicode_ci;

--
-- Dumping data for table `cart`
--

INSERT INTO `cart` (`id`, `user_id`, `product_id`, `product_name`, `product_price`, `quantity`, `farmer_name`, `farmer_location`, `product_image`, `created_at`, `updated_at`) VALUES
(293, 24, '50', 'Banana', 57.98, 1, 'Sewni Jayawardana', 'Nuwara Eliya', 'product_69d749ce69250.jpeg', '2026-04-17 08:17:27', '2026-04-17 08:17:27'),
(300, 11, '50', 'Banana', 57.98, 1, 'Sewni Jayawardana', 'Boralesgamuwa, Colombo', 'product_69d749ce69250.jpeg', '2026-04-18 11:12:08', '2026-04-18 11:12:08'),
(301, 42, '44', 'Orange', 45.00, 1, 'vonara', 'kalutara', 'product_698a15c4bdbf0.jpg', '2026-04-18 11:14:21', '2026-04-18 11:14:21');

-- --------------------------------------------------------

--
-- Table structure for table `crop_requests`
--

CREATE TABLE `crop_requests` (
  `id` int(11) NOT NULL,
  `buyer_id` int(11) NOT NULL,
  `crop_name` varchar(150) DEFAULT NULL,
  `quantity` decimal(10,2) DEFAULT NULL,
  `target_price` decimal(10,2) DEFAULT NULL,
  `delivery_date` date DEFAULT NULL,
  `location` varchar(150) DEFAULT NULL,
  `status` enum('active','accepted','declined','completed') DEFAULT 'active',
  `created_at` timestamp NOT NULL DEFAULT current_timestamp()
) ENGINE=InnoDB DEFAULT CHARSET=utf8mb4 COLLATE=utf8mb4_general_ci;

--
-- Dumping data for table `crop_requests`
--

INSERT INTO `crop_requests` (`id`, `buyer_id`, `crop_name`, `quantity`, `target_price`, `delivery_date`, `location`, `status`, `created_at`) VALUES
(9, 11, 'BeetRoot', 50.00, 35.00, '2026-01-20', 'Ragama, Western', 'completed', '2025-12-16 13:42:40'),
(10, 11, 'papaya', 45.00, 55.00, '2026-01-14', 'Badulla, Uva', 'declined', '2025-12-16 14:27:44'),
(11, 11, 'mango', 56.00, 23.00, '2026-01-13', 'colombo', 'accepted', '2025-12-17 04:38:21'),
(13, 11, 'banana', 56.00, 20.00, '2026-04-05', 'colombo,western', 'declined', '2026-01-21 09:31:05');

-- --------------------------------------------------------

--
-- Table structure for table `crop_volume_factors`
--

CREATE TABLE `crop_volume_factors` (
  `id` int(11) NOT NULL,
  `crop_name` varchar(100) NOT NULL,
  `volume_factor` decimal(3,2) NOT NULL,
  `category` enum('Vegetables','Fruits','Spices') NOT NULL,
  `is_active` tinyint(1) DEFAULT 1,
  `created_at` timestamp NOT NULL DEFAULT current_timestamp(),
  `updated_at` timestamp NOT NULL DEFAULT current_timestamp() ON UPDATE current_timestamp()
) ENGINE=InnoDB DEFAULT CHARSET=utf8mb4 COLLATE=utf8mb4_general_ci;

--
-- Dumping data for table `crop_volume_factors`
--

INSERT INTO `crop_volume_factors` (`id`, `crop_name`, `volume_factor`, `category`, `is_active`, `created_at`, `updated_at`) VALUES
(1, 'Carrot', 1.00, 'Vegetables', 1, '2026-01-24 14:32:37', '2026-01-24 14:32:37'),
(2, 'Potato', 1.00, 'Vegetables', 1, '2026-01-24 14:32:37', '2026-01-24 14:32:37'),
(3, 'Beetroot', 1.10, 'Vegetables', 1, '2026-01-24 14:32:37', '2026-01-24 14:32:37'),
(4, 'Radish', 1.00, 'Vegetables', 1, '2026-01-24 14:32:37', '2026-01-24 14:32:37'),
(5, 'Onion', 1.20, 'Vegetables', 1, '2026-01-24 14:32:37', '2026-01-24 14:32:37'),
(6, 'Garlic', 1.10, 'Vegetables', 1, '2026-01-24 14:32:37', '2026-01-24 14:32:37'),
(7, 'Tomato', 1.30, 'Vegetables', 1, '2026-01-24 14:32:37', '2026-01-24 14:32:37'),
(8, 'Capsicum', 1.50, 'Vegetables', 1, '2026-01-24 14:32:37', '2026-01-24 14:32:37'),
(9, 'Brinjal', 1.40, 'Vegetables', 1, '2026-01-24 14:32:37', '2026-01-24 14:32:37'),
(10, 'Beans', 1.20, 'Vegetables', 1, '2026-01-24 14:32:37', '2026-01-24 14:32:37'),
(11, 'Peas', 1.10, 'Vegetables', 1, '2026-01-24 14:32:37', '2026-01-24 14:32:37'),
(12, 'Cabbage', 1.60, 'Vegetables', 1, '2026-01-24 14:32:37', '2026-01-24 14:32:37'),
(13, 'Lettuce', 1.80, 'Vegetables', 1, '2026-01-24 14:32:37', '2026-01-24 14:32:37'),
(14, 'Spinach', 1.50, 'Vegetables', 1, '2026-01-24 14:32:37', '2026-01-24 14:32:37'),
(15, 'Leeks', 1.40, 'Vegetables', 1, '2026-01-24 14:32:37', '2026-01-24 14:32:37'),
(16, 'Pumpkin', 2.20, 'Vegetables', 1, '2026-01-24 14:32:37', '2026-01-24 14:32:37'),
(17, 'Butternut', 2.00, 'Vegetables', 1, '2026-01-24 14:32:37', '2026-01-24 14:32:37'),
(18, 'Cucumber', 1.40, 'Vegetables', 1, '2026-01-24 14:32:37', '2026-01-24 14:32:37'),
(19, 'Bitter Gourd', 1.30, 'Vegetables', 1, '2026-01-24 14:32:37', '2026-01-24 14:32:37'),
(20, 'Ridge Gourd', 1.50, 'Vegetables', 1, '2026-01-24 14:32:37', '2026-01-24 14:32:37'),
(21, 'Snake Gourd', 1.60, 'Vegetables', 1, '2026-01-24 14:32:37', '2026-01-24 14:32:37'),
(22, 'Okra', 1.30, 'Vegetables', 1, '2026-01-24 14:32:37', '2026-01-24 14:32:37'),
(23, 'Ash Plantain', 1.70, 'Vegetables', 1, '2026-01-24 14:32:37', '2026-01-24 14:32:37'),
(24, 'Banana', 1.60, 'Fruits', 1, '2026-01-24 14:32:37', '2026-01-24 14:32:37'),
(25, 'Papaya', 1.90, 'Fruits', 1, '2026-01-24 14:32:37', '2026-01-24 14:32:37'),
(26, 'Mango', 1.50, 'Fruits', 1, '2026-01-24 14:32:37', '2026-01-24 14:32:37'),
(27, 'Pineapple', 1.80, 'Fruits', 1, '2026-01-24 14:32:37', '2026-01-24 14:32:37'),
(28, 'Watermelon', 2.30, 'Fruits', 1, '2026-01-24 14:32:37', '2026-01-24 14:32:37'),
(29, 'Coconut', 1.90, 'Fruits', 1, '2026-01-24 14:32:37', '2026-01-24 14:32:37'),
(30, 'Avocado', 1.40, 'Fruits', 1, '2026-01-24 14:32:37', '2026-01-24 14:32:37'),
(31, 'Passion Fruit', 1.30, 'Fruits', 1, '2026-01-24 14:32:37', '2026-01-24 14:32:37'),
(32, 'Guava', 1.40, 'Fruits', 1, '2026-01-24 14:32:37', '2026-01-24 14:32:37'),
(33, 'Orange', 1.50, 'Fruits', 1, '2026-01-24 14:32:37', '2026-01-24 14:32:37'),
(34, 'Lime', 1.20, 'Fruits', 1, '2026-01-24 14:32:37', '2026-01-24 14:32:37'),
(35, 'Pomegranate', 1.50, 'Fruits', 1, '2026-01-24 14:32:37', '2026-01-24 14:32:37'),
(36, 'Dragon Fruit', 1.70, 'Fruits', 1, '2026-01-24 14:32:37', '2026-01-24 14:32:37'),
(37, 'Chili', 1.10, 'Spices', 1, '2026-01-24 14:32:37', '2026-01-24 14:32:37'),
(38, 'Ginger', 1.20, 'Spices', 1, '2026-01-24 14:32:37', '2026-01-24 14:32:37'),
(39, 'Turmeric', 1.10, 'Spices', 1, '2026-01-24 14:32:37', '2026-01-24 14:32:37'),
(40, 'Pepper', 0.90, 'Spices', 1, '2026-01-24 14:32:37', '2026-01-24 14:32:37'),
(41, 'Cinnamon', 0.80, 'Spices', 1, '2026-01-24 14:32:37', '2026-01-24 14:32:37'),
(42, 'Cardamom', 0.70, 'Spices', 1, '2026-01-24 14:32:37', '2026-01-24 14:32:37'),
(43, 'Cloves', 0.70, 'Spices', 1, '2026-01-24 14:32:37', '2026-01-24 14:32:37'),
(44, 'Nutmeg', 0.80, 'Spices', 1, '2026-01-24 14:32:37', '2026-01-24 14:32:37');

-- --------------------------------------------------------

--
-- Table structure for table `delivery_requests`
--

CREATE TABLE `delivery_requests` (
  `id` int(11) NOT NULL,
  `order_id` int(11) NOT NULL,
  `buyer_id` int(11) NOT NULL,
  `buyer_name` varchar(255) NOT NULL,
  `buyer_phone` varchar(20) NOT NULL,
  `buyer_address` text NOT NULL,
  `buyer_city` varchar(100) NOT NULL,
  `buyer_district_id` int(11) DEFAULT NULL,
  `farmer_id` int(11) NOT NULL,
  `farmer_name` varchar(255) NOT NULL,
  `farmer_phone` varchar(20) DEFAULT NULL,
  `farmer_address` text DEFAULT NULL,
  `farmer_city` varchar(100) DEFAULT NULL,
  `farmer_district_id` int(11) DEFAULT NULL,
  `total_weight_kg` decimal(10,2) NOT NULL,
  `shipping_fee` decimal(10,2) NOT NULL,
  `distance_km` decimal(10,2) DEFAULT NULL,
  `required_vehicle_type_id` int(11) DEFAULT NULL COMMENT 'Minimum vehicle type needed based on weight',
  `status` enum('pending','accepted','in_transit','delivered','cancelled') DEFAULT 'pending',
  `transporter_id` int(11) DEFAULT NULL COMMENT 'Assigned transporter',
  `accepted_at` timestamp NULL DEFAULT NULL,
  `created_at` timestamp NOT NULL DEFAULT current_timestamp(),
  `updated_at` timestamp NOT NULL DEFAULT current_timestamp() ON UPDATE current_timestamp()
) ENGINE=InnoDB DEFAULT CHARSET=utf8mb4 COLLATE=utf8mb4_unicode_ci;

--
-- Dumping data for table `delivery_requests`
--

INSERT INTO `delivery_requests` (`id`, `order_id`, `buyer_id`, `buyer_name`, `buyer_phone`, `buyer_address`, `buyer_city`, `buyer_district_id`, `farmer_id`, `farmer_name`, `farmer_phone`, `farmer_address`, `farmer_city`, `farmer_district_id`, `total_weight_kg`, `shipping_fee`, `distance_km`, `required_vehicle_type_id`, `status`, `transporter_id`, `accepted_at`, `created_at`, `updated_at`) VALUES
(2, 39, 11, 'Yomal Chandima', '0702242499', '35/445, Lake Road, Matale', 'Matale', 5, 9, 'sewni', NULL, NULL, 'Matale', 5, 30.00, 480.00, 24.00, 2, 'delivered', 28, '2026-04-04 00:39:26', '2026-04-04 00:39:26', '2026-04-04 01:40:11'),
(3, 40, 24, 'yomal', '0722222222', '', 'Matale', 5, 23, 'vonara', NULL, NULL, 'Matale', 5, 40.00, 620.00, 31.00, 2, 'in_transit', 28, '2026-04-04 00:39:26', '2026-04-04 00:39:26', '2026-04-04 00:39:26'),
(4, 42, 11, 'Yomal Chandima', '0702242499', '35/445, Lake Road, Matale', 'Matale', 5, 23, 'vonara', '', '', '', 1, 15.00, 1023.75, 142.00, 1, 'pending', NULL, NULL, '2026-04-04 01:45:07', '2026-04-04 01:45:07'),
(5, 43, 11, 'Yomal Chandima', '0702242499', '35/445, Lake Road, Matale', 'Matale', 5, 9, 'sewni', '', '', '', 1, 66.00, 522.90, 142.00, 2, 'in_transit', 28, '2026-04-04 05:16:05', '2026-04-04 01:45:39', '2026-04-04 19:07:09'),
(8, 46, 24, 'yomal', '0778103265', ', 26, Wadduwa', 'Wadduwa', 3, 23, 'vonara', '0771234567', '', 'Kalutara', 3, 48.00, 1200.00, 0.00, 2, 'accepted', 28, '2026-04-17 04:48:57', '2026-04-16 09:17:52', '2026-04-17 04:48:57'),
(11, 49, 11, 'Yomal Chandima', '0771234567', ', No 1 Main St, Colombo', 'Colombo', 1, 23, 'vonara', '0771234567', '', 'Kalutara', 3, 1.60, 974.40, 43.00, 1, 'delivered', 28, '2026-04-17 05:04:54', '2026-04-17 05:04:29', '2026-04-18 09:46:05'),
(12, 50, 11, 'Yomal Chandima', '0771234567', '26, No 1 Main St, Wadduwa', 'Wadduwa', 3, 9, 'Sewni Jayawardana', '0711111111', 'Lake Rd, Kalutara', 'Kalutara', 3, 1.60, 238.00, 0.00, 1, 'accepted', 28, '2026-04-18 09:36:06', '2026-04-18 09:32:21', '2026-04-18 09:36:06');

-- --------------------------------------------------------

--
-- Table structure for table `districts`
--

CREATE TABLE `districts` (
  `id` int(11) NOT NULL,
  `district_name` varchar(100) NOT NULL,
  `district_code` varchar(10) NOT NULL,
  `province` varchar(50) NOT NULL,
  `is_active` tinyint(1) DEFAULT 1,
  `created_at` timestamp NOT NULL DEFAULT current_timestamp()
) ENGINE=InnoDB DEFAULT CHARSET=utf8mb4 COLLATE=utf8mb4_general_ci;

--
-- Dumping data for table `districts`
--

INSERT INTO `districts` (`id`, `district_name`, `district_code`, `province`, `is_active`, `created_at`) VALUES
(1, 'Colombo', 'COL', 'Western', 1, '2026-01-24 14:33:58'),
(2, 'Gampaha', 'GAM', 'Western', 1, '2026-01-24 14:33:58'),
(3, 'Kalutara', 'KAL', 'Western', 1, '2026-01-24 14:33:58'),
(4, 'Kandy', 'KAN', 'Central', 1, '2026-01-24 14:33:58'),
(5, 'Matale', 'MAT', 'Central', 1, '2026-01-24 14:33:58'),
(6, 'Nuwara Eliya', 'NUW', 'Central', 1, '2026-01-24 14:33:58'),
(7, 'Galle', 'GAL', 'Southern', 1, '2026-01-24 14:33:58'),
(8, 'Matara', 'MATA', 'Southern', 1, '2026-01-24 14:33:58'),
(9, 'Hambantota', 'HAM', 'Southern', 1, '2026-01-24 14:33:58'),
(10, 'Jaffna', 'JAF', 'Northern', 1, '2026-01-24 14:33:58'),
(11, 'Kilinochchi', 'KIL', 'Northern', 1, '2026-01-24 14:33:58'),
(12, 'Mannar', 'MAN', 'Northern', 1, '2026-01-24 14:33:58'),
(13, 'Vavuniya', 'VAV', 'Northern', 1, '2026-01-24 14:33:58'),
(14, 'Mullaitivu', 'MUL', 'Northern', 1, '2026-01-24 14:33:58'),
(15, 'Batticaloa', 'BAT', 'Eastern', 1, '2026-01-24 14:33:58'),
(16, 'Ampara', 'AMP', 'Eastern', 1, '2026-01-24 14:33:58'),
(17, 'Trincomalee', 'TRI', 'Eastern', 1, '2026-01-24 14:33:58'),
(18, 'Kurunegala', 'KUR', 'North Western', 1, '2026-01-24 14:33:58'),
(19, 'Puttalam', 'PUT', 'North Western', 1, '2026-01-24 14:33:58'),
(20, 'Anuradhapura', 'ANU', 'North Central', 1, '2026-01-24 14:33:58'),
(21, 'Polonnaruwa', 'POL', 'North Central', 1, '2026-01-24 14:33:58'),
(22, 'Badulla', 'BAD', 'Uva', 1, '2026-01-24 14:33:58'),
(23, 'Monaragala', 'MON', 'Uva', 1, '2026-01-24 14:33:58'),
(24, 'Ratnapura', 'RAT', 'Sabaragamuwa', 1, '2026-01-24 14:33:58'),
(25, 'Kegalle', 'KEG', 'Sabaragamuwa', 1, '2026-01-24 14:33:58');

-- --------------------------------------------------------

--
-- Table structure for table `district_distances`
--

CREATE TABLE `district_distances` (
  `id` int(11) NOT NULL,
  `from_district_id` int(11) NOT NULL,
  `to_district_id` int(11) NOT NULL,
  `distance_km` int(11) NOT NULL,
  `created_at` timestamp NOT NULL DEFAULT current_timestamp(),
  `updated_at` timestamp NOT NULL DEFAULT current_timestamp() ON UPDATE current_timestamp()
) ENGINE=InnoDB DEFAULT CHARSET=utf8mb4 COLLATE=utf8mb4_general_ci;

--
-- Dumping data for table `district_distances`
--

INSERT INTO `district_distances` (`id`, `from_district_id`, `to_district_id`, `distance_km`, `created_at`, `updated_at`) VALUES
(1659, 1, 1, 0, '2026-01-25 06:33:52', '2026-01-25 06:33:52'),
(1660, 1, 2, 29, '2026-01-25 06:33:52', '2026-01-25 06:33:52'),
(1661, 1, 3, 43, '2026-01-25 06:33:52', '2026-01-25 06:33:52'),
(1662, 1, 4, 115, '2026-01-25 06:33:52', '2026-01-25 06:33:52'),
(1663, 1, 5, 142, '2026-01-25 06:33:52', '2026-01-25 06:33:52'),
(1664, 1, 6, 180, '2026-01-25 06:33:52', '2026-01-25 06:33:52'),
(1665, 1, 7, 119, '2026-01-25 06:33:52', '2026-01-25 06:33:52'),
(1666, 1, 8, 160, '2026-01-25 06:33:52', '2026-01-25 06:33:52'),
(1667, 1, 9, 237, '2026-01-25 06:33:52', '2026-01-25 06:33:52'),
(1668, 1, 10, 396, '2026-01-25 06:33:52', '2026-01-25 06:33:52'),
(1669, 1, 11, 310, '2026-01-25 06:33:52', '2026-01-25 06:33:52'),
(1670, 1, 12, 308, '2026-01-25 06:33:52', '2026-01-25 06:33:52'),
(1671, 1, 13, 261, '2026-01-25 06:33:52', '2026-01-25 06:33:52'),
(1672, 1, 14, 329, '2026-01-25 06:33:52', '2026-01-25 06:33:52'),
(1673, 1, 15, 297, '2026-01-25 06:33:52', '2026-01-25 06:33:52'),
(1674, 1, 16, 318, '2026-01-25 06:33:52', '2026-01-25 06:33:52'),
(1675, 1, 17, 257, '2026-01-25 06:33:52', '2026-01-25 06:33:52'),
(1676, 1, 18, 94, '2026-01-25 06:33:52', '2026-01-25 06:33:52'),
(1677, 1, 19, 128, '2026-01-25 06:33:52', '2026-01-25 06:33:52'),
(1678, 1, 20, 206, '2026-01-25 06:33:52', '2026-01-25 06:33:52'),
(1679, 1, 21, 216, '2026-01-25 06:33:52', '2026-01-25 06:33:52'),
(1680, 1, 22, 230, '2026-01-25 06:33:52', '2026-01-25 06:33:52'),
(1681, 1, 23, 275, '2026-01-25 06:33:52', '2026-01-25 06:33:52'),
(1682, 1, 24, 101, '2026-01-25 06:33:52', '2026-01-25 06:33:52'),
(1683, 1, 25, 80, '2026-01-25 06:33:52', '2026-01-25 06:33:52'),
(1684, 2, 1, 29, '2026-01-25 06:33:52', '2026-01-25 06:33:52'),
(1685, 2, 2, 0, '2026-01-25 06:33:52', '2026-01-25 06:33:52'),
(1686, 2, 3, 72, '2026-01-25 06:33:52', '2026-01-25 06:33:52'),
(1687, 2, 4, 144, '2026-01-25 06:33:52', '2026-01-25 06:33:52'),
(1688, 2, 5, 171, '2026-01-25 06:33:52', '2026-01-25 06:33:52'),
(1689, 2, 6, 209, '2026-01-25 06:33:52', '2026-01-25 06:33:52'),
(1690, 2, 7, 148, '2026-01-25 06:33:52', '2026-01-25 06:33:52'),
(1691, 2, 8, 189, '2026-01-25 06:33:52', '2026-01-25 06:33:52'),
(1692, 2, 9, 266, '2026-01-25 06:33:52', '2026-01-25 06:33:52'),
(1693, 2, 10, 425, '2026-01-25 06:33:52', '2026-01-25 06:33:52'),
(1694, 2, 11, 339, '2026-01-25 06:33:52', '2026-01-25 06:33:52'),
(1695, 2, 12, 337, '2026-01-25 06:33:52', '2026-01-25 06:33:52'),
(1696, 2, 13, 290, '2026-01-25 06:33:52', '2026-01-25 06:33:52'),
(1697, 2, 14, 358, '2026-01-25 06:33:52', '2026-01-25 06:33:52'),
(1698, 2, 15, 326, '2026-01-25 06:33:52', '2026-01-25 06:33:52'),
(1699, 2, 16, 347, '2026-01-25 06:33:52', '2026-01-25 06:33:52'),
(1700, 2, 17, 286, '2026-01-25 06:33:52', '2026-01-25 06:33:52'),
(1701, 2, 18, 123, '2026-01-25 06:33:52', '2026-01-25 06:33:52'),
(1702, 2, 19, 157, '2026-01-25 06:33:52', '2026-01-25 06:33:52'),
(1703, 2, 20, 235, '2026-01-25 06:33:52', '2026-01-25 06:33:52'),
(1704, 2, 21, 245, '2026-01-25 06:33:52', '2026-01-25 06:33:52'),
(1705, 2, 22, 259, '2026-01-25 06:33:52', '2026-01-25 06:33:52'),
(1706, 2, 23, 304, '2026-01-25 06:33:52', '2026-01-25 06:33:52'),
(1707, 2, 24, 130, '2026-01-25 06:33:52', '2026-01-25 06:33:52'),
(1708, 2, 25, 109, '2026-01-25 06:33:52', '2026-01-25 06:33:52'),
(1709, 3, 1, 43, '2026-01-25 06:33:52', '2026-01-25 06:33:52'),
(1710, 3, 2, 72, '2026-01-25 06:33:52', '2026-01-25 06:33:52'),
(1711, 3, 3, 0, '2026-01-25 06:33:52', '2026-01-25 06:33:52'),
(1712, 3, 4, 158, '2026-01-25 06:33:52', '2026-01-25 06:33:52'),
(1713, 3, 5, 185, '2026-01-25 06:33:52', '2026-01-25 06:33:52'),
(1714, 3, 6, 223, '2026-01-25 06:33:52', '2026-01-25 06:33:52'),
(1715, 3, 7, 76, '2026-01-25 06:33:52', '2026-01-25 06:33:52'),
(1716, 3, 8, 117, '2026-01-25 06:33:52', '2026-01-25 06:33:52'),
(1717, 3, 9, 194, '2026-01-25 06:33:52', '2026-01-25 06:33:52'),
(1718, 3, 10, 439, '2026-01-25 06:33:52', '2026-01-25 06:33:52'),
(1719, 3, 11, 353, '2026-01-25 06:33:52', '2026-01-25 06:33:52'),
(1720, 3, 12, 351, '2026-01-25 06:33:52', '2026-01-25 06:33:52'),
(1721, 3, 13, 304, '2026-01-25 06:33:52', '2026-01-25 06:33:52'),
(1722, 3, 14, 372, '2026-01-25 06:33:52', '2026-01-25 06:33:52'),
(1723, 3, 15, 340, '2026-01-25 06:33:52', '2026-01-25 06:33:52'),
(1724, 3, 16, 361, '2026-01-25 06:33:52', '2026-01-25 06:33:52'),
(1725, 3, 17, 300, '2026-01-25 06:33:52', '2026-01-25 06:33:52'),
(1726, 3, 18, 137, '2026-01-25 06:33:52', '2026-01-25 06:33:52'),
(1727, 3, 19, 171, '2026-01-25 06:33:52', '2026-01-25 06:33:52'),
(1728, 3, 20, 249, '2026-01-25 06:33:52', '2026-01-25 06:33:52'),
(1729, 3, 21, 259, '2026-01-25 06:33:52', '2026-01-25 06:33:52'),
(1730, 3, 22, 273, '2026-01-25 06:33:52', '2026-01-25 06:33:52'),
(1731, 3, 23, 318, '2026-01-25 06:33:52', '2026-01-25 06:33:52'),
(1732, 3, 24, 122, '2026-01-25 06:33:52', '2026-01-25 06:33:52'),
(1733, 3, 25, 123, '2026-01-25 06:33:52', '2026-01-25 06:33:52'),
(1734, 4, 1, 115, '2026-01-25 06:33:52', '2026-01-25 06:33:52'),
(1735, 4, 2, 144, '2026-01-25 06:33:52', '2026-01-25 06:33:52'),
(1736, 4, 3, 158, '2026-01-25 06:33:52', '2026-01-25 06:33:52'),
(1737, 4, 4, 0, '2026-01-25 06:33:52', '2026-01-25 06:33:52'),
(1738, 4, 5, 42, '2026-01-25 06:33:52', '2026-01-25 06:33:52'),
(1739, 4, 6, 77, '2026-01-25 06:33:52', '2026-01-25 06:33:52'),
(1740, 4, 7, 208, '2026-01-25 06:33:52', '2026-01-25 06:33:52'),
(1741, 4, 8, 249, '2026-01-25 06:33:52', '2026-01-25 06:33:52'),
(1742, 4, 9, 326, '2026-01-25 06:33:52', '2026-01-25 06:33:52'),
(1743, 4, 10, 311, '2026-01-25 06:33:52', '2026-01-25 06:33:52'),
(1744, 4, 11, 215, '2026-01-25 06:33:52', '2026-01-25 06:33:52'),
(1745, 4, 12, 213, '2026-01-25 06:33:52', '2026-01-25 06:33:52'),
(1746, 4, 13, 166, '2026-01-25 06:33:52', '2026-01-25 06:33:52'),
(1747, 4, 14, 234, '2026-01-25 06:33:52', '2026-01-25 06:33:52'),
(1748, 4, 15, 182, '2026-01-25 06:33:52', '2026-01-25 06:33:52'),
(1749, 4, 16, 203, '2026-01-25 06:33:52', '2026-01-25 06:33:52'),
(1750, 4, 17, 142, '2026-01-25 06:33:52', '2026-01-25 06:33:52'),
(1751, 4, 18, 59, '2026-01-25 06:33:52', '2026-01-25 06:33:52'),
(1752, 4, 19, 143, '2026-01-25 06:33:52', '2026-01-25 06:33:52'),
(1753, 4, 20, 106, '2026-01-25 06:33:52', '2026-01-25 06:33:52'),
(1754, 4, 21, 101, '2026-01-25 06:33:52', '2026-01-25 06:33:52'),
(1755, 4, 22, 95, '2026-01-25 06:33:52', '2026-01-25 06:33:52'),
(1756, 4, 23, 160, '2026-01-25 06:33:52', '2026-01-25 06:33:52'),
(1757, 4, 24, 103, '2026-01-25 06:33:52', '2026-01-25 06:33:52'),
(1758, 4, 25, 43, '2026-01-25 06:33:52', '2026-01-25 06:33:52'),
(1759, 5, 1, 142, '2026-01-25 06:33:52', '2026-01-25 06:33:52'),
(1760, 5, 2, 171, '2026-01-25 06:33:52', '2026-01-25 06:33:52'),
(1761, 5, 3, 185, '2026-01-25 06:33:52', '2026-01-25 06:33:52'),
(1762, 5, 4, 42, '2026-01-25 06:33:52', '2026-01-25 06:33:52'),
(1763, 5, 5, 0, '2026-01-25 06:33:52', '2026-01-25 06:33:52'),
(1764, 5, 6, 93, '2026-01-25 06:33:52', '2026-01-25 06:33:52'),
(1765, 5, 7, 261, '2026-01-25 06:33:52', '2026-01-25 06:33:52'),
(1766, 5, 8, 302, '2026-01-25 06:33:52', '2026-01-25 06:33:52'),
(1767, 5, 9, 379, '2026-01-25 06:33:52', '2026-01-25 06:33:52'),
(1768, 5, 10, 269, '2026-01-25 06:33:52', '2026-01-25 06:33:52'),
(1769, 5, 11, 183, '2026-01-25 06:33:52', '2026-01-25 06:33:52'),
(1770, 5, 12, 181, '2026-01-25 06:33:52', '2026-01-25 06:33:52'),
(1771, 5, 13, 134, '2026-01-25 06:33:52', '2026-01-25 06:33:52'),
(1772, 5, 14, 202, '2026-01-25 06:33:52', '2026-01-25 06:33:52'),
(1773, 5, 15, 160, '2026-01-25 06:33:52', '2026-01-25 06:33:52'),
(1774, 5, 16, 181, '2026-01-25 06:33:52', '2026-01-25 06:33:52'),
(1775, 5, 17, 120, '2026-01-25 06:33:52', '2026-01-25 06:33:52'),
(1776, 5, 18, 73, '2026-01-25 06:33:52', '2026-01-25 06:33:52'),
(1777, 5, 19, 157, '2026-01-25 06:33:52', '2026-01-25 06:33:52'),
(1778, 5, 20, 76, '2026-01-25 06:33:52', '2026-01-25 06:33:52'),
(1779, 5, 21, 79, '2026-01-25 06:33:52', '2026-01-25 06:33:52'),
(1780, 5, 22, 137, '2026-01-25 06:33:52', '2026-01-25 06:33:52'),
(1781, 5, 23, 202, '2026-01-25 06:33:52', '2026-01-25 06:33:52'),
(1782, 5, 24, 145, '2026-01-25 06:33:52', '2026-01-25 06:33:52'),
(1783, 5, 25, 85, '2026-01-25 06:33:52', '2026-01-25 06:33:52'),
(1784, 6, 1, 180, '2026-01-25 06:33:52', '2026-01-25 06:33:52'),
(1785, 6, 2, 209, '2026-01-25 06:33:52', '2026-01-25 06:33:52'),
(1786, 6, 3, 223, '2026-01-25 06:33:52', '2026-01-25 06:33:52'),
(1787, 6, 4, 77, '2026-01-25 06:33:52', '2026-01-25 06:33:52'),
(1788, 6, 5, 93, '2026-01-25 06:33:52', '2026-01-25 06:33:52'),
(1789, 6, 6, 0, '2026-01-25 06:33:52', '2026-01-25 06:33:52'),
(1790, 6, 7, 283, '2026-01-25 06:33:52', '2026-01-25 06:33:52'),
(1791, 6, 8, 324, '2026-01-25 06:33:52', '2026-01-25 06:33:52'),
(1792, 6, 9, 401, '2026-01-25 06:33:52', '2026-01-25 06:33:52'),
(1793, 6, 10, 388, '2026-01-25 06:33:52', '2026-01-25 06:33:52'),
(1794, 6, 11, 292, '2026-01-25 06:33:52', '2026-01-25 06:33:52'),
(1795, 6, 12, 290, '2026-01-25 06:33:52', '2026-01-25 06:33:52'),
(1796, 6, 13, 243, '2026-01-25 06:33:52', '2026-01-25 06:33:52'),
(1797, 6, 14, 311, '2026-01-25 06:33:52', '2026-01-25 06:33:52'),
(1798, 6, 15, 169, '2026-01-25 06:33:52', '2026-01-25 06:33:52'),
(1799, 6, 16, 190, '2026-01-25 06:33:52', '2026-01-25 06:33:52'),
(1800, 6, 17, 169, '2026-01-25 06:33:52', '2026-01-25 06:33:52'),
(1801, 6, 18, 136, '2026-01-25 06:33:52', '2026-01-25 06:33:52'),
(1802, 6, 19, 220, '2026-01-25 06:33:52', '2026-01-25 06:33:52'),
(1803, 6, 20, 183, '2026-01-25 06:33:52', '2026-01-25 06:33:52'),
(1804, 6, 21, 138, '2026-01-25 06:33:52', '2026-01-25 06:33:52'),
(1805, 6, 22, 78, '2026-01-25 06:33:52', '2026-01-25 06:33:52'),
(1806, 6, 23, 123, '2026-01-25 06:33:52', '2026-01-25 06:33:52'),
(1807, 6, 24, 198, '2026-01-25 06:33:52', '2026-01-25 06:33:52'),
(1808, 6, 25, 138, '2026-01-25 06:33:52', '2026-01-25 06:33:52'),
(1809, 7, 1, 119, '2026-01-25 06:33:52', '2026-01-25 06:33:52'),
(1810, 7, 2, 148, '2026-01-25 06:33:52', '2026-01-25 06:33:52'),
(1811, 7, 3, 76, '2026-01-25 06:33:52', '2026-01-25 06:33:52'),
(1812, 7, 4, 208, '2026-01-25 06:33:52', '2026-01-25 06:33:52'),
(1813, 7, 5, 261, '2026-01-25 06:33:52', '2026-01-25 06:33:52'),
(1814, 7, 6, 283, '2026-01-25 06:33:52', '2026-01-25 06:33:52'),
(1815, 7, 7, 0, '2026-01-25 06:33:52', '2026-01-25 06:33:52'),
(1816, 7, 8, 45, '2026-01-25 06:33:52', '2026-01-25 06:33:52'),
(1817, 7, 9, 118, '2026-01-25 06:33:52', '2026-01-25 06:33:52'),
(1818, 7, 10, 515, '2026-01-25 06:33:52', '2026-01-25 06:33:52'),
(1819, 7, 11, 429, '2026-01-25 06:33:52', '2026-01-25 06:33:52'),
(1820, 7, 12, 427, '2026-01-25 06:33:52', '2026-01-25 06:33:52'),
(1821, 7, 13, 380, '2026-01-25 06:33:52', '2026-01-25 06:33:52'),
(1822, 7, 14, 448, '2026-01-25 06:33:52', '2026-01-25 06:33:52'),
(1823, 7, 15, 416, '2026-01-25 06:33:52', '2026-01-25 06:33:52'),
(1824, 7, 16, 437, '2026-01-25 06:33:52', '2026-01-25 06:33:52'),
(1825, 7, 17, 376, '2026-01-25 06:33:52', '2026-01-25 06:33:52'),
(1826, 7, 18, 213, '2026-01-25 06:33:52', '2026-01-25 06:33:52'),
(1827, 7, 19, 247, '2026-01-25 06:33:52', '2026-01-25 06:33:52'),
(1828, 7, 20, 325, '2026-01-25 06:33:52', '2026-01-25 06:33:52'),
(1829, 7, 21, 335, '2026-01-25 06:33:52', '2026-01-25 06:33:52'),
(1830, 7, 22, 349, '2026-01-25 06:33:52', '2026-01-25 06:33:52'),
(1831, 7, 23, 394, '2026-01-25 06:33:52', '2026-01-25 06:33:52'),
(1832, 7, 24, 122, '2026-01-25 06:33:52', '2026-01-25 06:33:52'),
(1833, 7, 25, 199, '2026-01-25 06:33:52', '2026-01-25 06:33:52'),
(1834, 8, 1, 160, '2026-01-25 06:33:52', '2026-01-25 06:33:52'),
(1835, 8, 2, 189, '2026-01-25 06:33:52', '2026-01-25 06:33:52'),
(1836, 8, 3, 117, '2026-01-25 06:33:52', '2026-01-25 06:33:52'),
(1837, 8, 4, 249, '2026-01-25 06:33:52', '2026-01-25 06:33:52'),
(1838, 8, 5, 302, '2026-01-25 06:33:52', '2026-01-25 06:33:52'),
(1839, 8, 6, 324, '2026-01-25 06:33:52', '2026-01-25 06:33:52'),
(1840, 8, 7, 45, '2026-01-25 06:33:52', '2026-01-25 06:33:52'),
(1841, 8, 8, 0, '2026-01-25 06:33:52', '2026-01-25 06:33:52'),
(1842, 8, 9, 78, '2026-01-25 06:33:52', '2026-01-25 06:33:52'),
(1843, 8, 10, 556, '2026-01-25 06:33:52', '2026-01-25 06:33:52'),
(1844, 8, 11, 470, '2026-01-25 06:33:52', '2026-01-25 06:33:52'),
(1845, 8, 12, 468, '2026-01-25 06:33:52', '2026-01-25 06:33:52'),
(1846, 8, 13, 421, '2026-01-25 06:33:52', '2026-01-25 06:33:52'),
(1847, 8, 14, 489, '2026-01-25 06:33:52', '2026-01-25 06:33:52'),
(1848, 8, 15, 457, '2026-01-25 06:33:52', '2026-01-25 06:33:52'),
(1849, 8, 16, 478, '2026-01-25 06:33:52', '2026-01-25 06:33:52'),
(1850, 8, 17, 417, '2026-01-25 06:33:52', '2026-01-25 06:33:52'),
(1851, 8, 18, 254, '2026-01-25 06:33:52', '2026-01-25 06:33:52'),
(1852, 8, 19, 288, '2026-01-25 06:33:52', '2026-01-25 06:33:52'),
(1853, 8, 20, 366, '2026-01-25 06:33:52', '2026-01-25 06:33:52'),
(1854, 8, 21, 376, '2026-01-25 06:33:52', '2026-01-25 06:33:52'),
(1855, 8, 22, 390, '2026-01-25 06:33:52', '2026-01-25 06:33:52'),
(1856, 8, 23, 435, '2026-01-25 06:33:52', '2026-01-25 06:33:52'),
(1857, 8, 24, 163, '2026-01-25 06:33:52', '2026-01-25 06:33:52'),
(1858, 8, 25, 240, '2026-01-25 06:33:52', '2026-01-25 06:33:52'),
(1859, 9, 1, 237, '2026-01-25 06:33:52', '2026-01-25 06:33:52'),
(1860, 9, 2, 266, '2026-01-25 06:33:52', '2026-01-25 06:33:52'),
(1861, 9, 3, 194, '2026-01-25 06:33:52', '2026-01-25 06:33:52'),
(1862, 9, 4, 326, '2026-01-25 06:33:52', '2026-01-25 06:33:52'),
(1863, 9, 5, 379, '2026-01-25 06:33:52', '2026-01-25 06:33:52'),
(1864, 9, 6, 401, '2026-01-25 06:33:52', '2026-01-25 06:33:52'),
(1865, 9, 7, 118, '2026-01-25 06:33:52', '2026-01-25 06:33:52'),
(1866, 9, 8, 78, '2026-01-25 06:33:52', '2026-01-25 06:33:52'),
(1867, 9, 9, 0, '2026-01-25 06:33:52', '2026-01-25 06:33:52'),
(1868, 9, 10, 633, '2026-01-25 06:33:52', '2026-01-25 06:33:52'),
(1869, 9, 11, 547, '2026-01-25 06:33:52', '2026-01-25 06:33:52'),
(1870, 9, 12, 545, '2026-01-25 06:33:52', '2026-01-25 06:33:52'),
(1871, 9, 13, 498, '2026-01-25 06:33:52', '2026-01-25 06:33:52'),
(1872, 9, 14, 566, '2026-01-25 06:33:52', '2026-01-25 06:33:52'),
(1873, 9, 15, 534, '2026-01-25 06:33:52', '2026-01-25 06:33:52'),
(1874, 9, 16, 555, '2026-01-25 06:33:52', '2026-01-25 06:33:52'),
(1875, 9, 17, 494, '2026-01-25 06:33:52', '2026-01-25 06:33:52'),
(1876, 9, 18, 331, '2026-01-25 06:33:52', '2026-01-25 06:33:52'),
(1877, 9, 19, 365, '2026-01-25 06:33:52', '2026-01-25 06:33:52'),
(1878, 9, 20, 443, '2026-01-25 06:33:52', '2026-01-25 06:33:52'),
(1879, 9, 21, 453, '2026-01-25 06:33:52', '2026-01-25 06:33:52'),
(1880, 9, 22, 467, '2026-01-25 06:33:52', '2026-01-25 06:33:52'),
(1881, 9, 23, 512, '2026-01-25 06:33:52', '2026-01-25 06:33:52'),
(1882, 9, 24, 240, '2026-01-25 06:33:52', '2026-01-25 06:33:52'),
(1883, 9, 25, 317, '2026-01-25 06:33:52', '2026-01-25 06:33:52'),
(1884, 10, 1, 396, '2026-01-25 06:33:52', '2026-01-25 06:33:52'),
(1885, 10, 2, 425, '2026-01-25 06:33:52', '2026-01-25 06:33:52'),
(1886, 10, 3, 439, '2026-01-25 06:33:52', '2026-01-25 06:33:52'),
(1887, 10, 4, 311, '2026-01-25 06:33:52', '2026-01-25 06:33:52'),
(1888, 10, 5, 269, '2026-01-25 06:33:52', '2026-01-25 06:33:52'),
(1889, 10, 6, 388, '2026-01-25 06:33:52', '2026-01-25 06:33:52'),
(1890, 10, 7, 515, '2026-01-25 06:33:52', '2026-01-25 06:33:52'),
(1891, 10, 8, 556, '2026-01-25 06:33:52', '2026-01-25 06:33:52'),
(1892, 10, 9, 633, '2026-01-25 06:33:52', '2026-01-25 06:33:52'),
(1893, 10, 10, 0, '2026-01-25 06:33:52', '2026-01-25 06:33:52'),
(1894, 10, 11, 48, '2026-01-25 06:33:52', '2026-01-25 06:33:52'),
(1895, 10, 12, 146, '2026-01-25 06:33:52', '2026-01-25 06:33:52'),
(1896, 10, 13, 102, '2026-01-25 06:33:52', '2026-01-25 06:33:52'),
(1897, 10, 14, 68, '2026-01-25 06:33:52', '2026-01-25 06:33:52'),
(1898, 10, 15, 400, '2026-01-25 06:33:52', '2026-01-25 06:33:52'),
(1899, 10, 16, 421, '2026-01-25 06:33:52', '2026-01-25 06:33:52'),
(1900, 10, 17, 215, '2026-01-25 06:33:52', '2026-01-25 06:33:52'),
(1901, 10, 18, 302, '2026-01-25 06:33:52', '2026-01-25 06:33:52'),
(1902, 10, 19, 270, '2026-01-25 06:33:52', '2026-01-25 06:33:52'),
(1903, 10, 20, 190, '2026-01-25 06:33:52', '2026-01-25 06:33:52'),
(1904, 10, 21, 306, '2026-01-25 06:33:52', '2026-01-25 06:33:52'),
(1905, 10, 22, 406, '2026-01-25 06:33:52', '2026-01-25 06:33:52'),
(1906, 10, 23, 451, '2026-01-25 06:33:52', '2026-01-25 06:33:52'),
(1907, 10, 24, 497, '2026-01-25 06:33:52', '2026-01-25 06:33:52'),
(1908, 10, 25, 354, '2026-01-25 06:33:52', '2026-01-25 06:33:52'),
(1909, 11, 1, 310, '2026-01-25 06:33:52', '2026-01-25 06:33:52'),
(1910, 11, 2, 339, '2026-01-25 06:33:52', '2026-01-25 06:33:52'),
(1911, 11, 3, 353, '2026-01-25 06:33:52', '2026-01-25 06:33:52'),
(1912, 11, 4, 215, '2026-01-25 06:33:52', '2026-01-25 06:33:52'),
(1913, 11, 5, 183, '2026-01-25 06:33:52', '2026-01-25 06:33:52'),
(1914, 11, 6, 292, '2026-01-25 06:33:52', '2026-01-25 06:33:52'),
(1915, 11, 7, 429, '2026-01-25 06:33:52', '2026-01-25 06:33:52'),
(1916, 11, 8, 470, '2026-01-25 06:33:52', '2026-01-25 06:33:52'),
(1917, 11, 9, 547, '2026-01-25 06:33:52', '2026-01-25 06:33:52'),
(1918, 11, 10, 48, '2026-01-25 06:33:52', '2026-01-25 06:33:52'),
(1919, 11, 11, 0, '2026-01-25 06:33:52', '2026-01-25 06:33:52'),
(1920, 11, 12, 114, '2026-01-25 06:33:52', '2026-01-25 06:33:52'),
(1921, 11, 13, 60, '2026-01-25 06:33:52', '2026-01-25 06:33:52'),
(1922, 11, 14, 86, '2026-01-25 06:33:52', '2026-01-25 06:33:52'),
(1923, 11, 15, 314, '2026-01-25 06:33:52', '2026-01-25 06:33:52'),
(1924, 11, 16, 335, '2026-01-25 06:33:52', '2026-01-25 06:33:52'),
(1925, 11, 17, 178, '2026-01-25 06:33:52', '2026-01-25 06:33:52'),
(1926, 11, 18, 224, '2026-01-25 06:33:52', '2026-01-25 06:33:52'),
(1927, 11, 19, 224, '2026-01-25 06:33:52', '2026-01-25 06:33:52'),
(1928, 11, 20, 138, '2026-01-25 06:33:52', '2026-01-25 06:33:52'),
(1929, 11, 21, 234, '2026-01-25 06:33:52', '2026-01-25 06:33:52'),
(1930, 11, 22, 310, '2026-01-25 06:33:52', '2026-01-25 06:33:52'),
(1931, 11, 23, 355, '2026-01-25 06:33:52', '2026-01-25 06:33:52'),
(1932, 11, 24, 411, '2026-01-25 06:33:52', '2026-01-25 06:33:52'),
(1933, 11, 25, 268, '2026-01-25 06:33:52', '2026-01-25 06:33:52'),
(1934, 12, 1, 308, '2026-01-25 06:33:52', '2026-01-25 06:33:52'),
(1935, 12, 2, 337, '2026-01-25 06:33:52', '2026-01-25 06:33:52'),
(1936, 12, 3, 351, '2026-01-25 06:33:52', '2026-01-25 06:33:52'),
(1937, 12, 4, 213, '2026-01-25 06:33:52', '2026-01-25 06:33:52'),
(1938, 12, 5, 181, '2026-01-25 06:33:52', '2026-01-25 06:33:52'),
(1939, 12, 6, 290, '2026-01-25 06:33:52', '2026-01-25 06:33:52'),
(1940, 12, 7, 427, '2026-01-25 06:33:52', '2026-01-25 06:33:52'),
(1941, 12, 8, 468, '2026-01-25 06:33:52', '2026-01-25 06:33:52'),
(1942, 12, 9, 545, '2026-01-25 06:33:52', '2026-01-25 06:33:52'),
(1943, 12, 10, 146, '2026-01-25 06:33:52', '2026-01-25 06:33:52'),
(1944, 12, 11, 114, '2026-01-25 06:33:52', '2026-01-25 06:33:52'),
(1945, 12, 12, 0, '2026-01-25 06:33:52', '2026-01-25 06:33:52'),
(1946, 12, 13, 93, '2026-01-25 06:33:52', '2026-01-25 06:33:52'),
(1947, 12, 14, 176, '2026-01-25 06:33:52', '2026-01-25 06:33:52'),
(1948, 12, 15, 470, '2026-01-25 06:33:52', '2026-01-25 06:33:52'),
(1949, 12, 16, 491, '2026-01-25 06:33:52', '2026-01-25 06:33:52'),
(1950, 12, 17, 257, '2026-01-25 06:33:52', '2026-01-25 06:33:52'),
(1951, 12, 18, 222, '2026-01-25 06:33:52', '2026-01-25 06:33:52'),
(1952, 12, 19, 161, '2026-01-25 06:33:52', '2026-01-25 06:33:52'),
(1953, 12, 20, 161, '2026-01-25 06:33:52', '2026-01-25 06:33:52'),
(1954, 12, 21, 292, '2026-01-25 06:33:52', '2026-01-25 06:33:52'),
(1955, 12, 22, 308, '2026-01-25 06:33:52', '2026-01-25 06:33:52'),
(1956, 12, 23, 353, '2026-01-25 06:33:52', '2026-01-25 06:33:52'),
(1957, 12, 24, 409, '2026-01-25 06:33:52', '2026-01-25 06:33:52'),
(1958, 12, 25, 266, '2026-01-25 06:33:52', '2026-01-25 06:33:52'),
(1959, 13, 1, 261, '2026-01-25 06:33:52', '2026-01-25 06:33:52'),
(1960, 13, 2, 290, '2026-01-25 06:33:52', '2026-01-25 06:33:52'),
(1961, 13, 3, 304, '2026-01-25 06:33:52', '2026-01-25 06:33:52'),
(1962, 13, 4, 166, '2026-01-25 06:33:52', '2026-01-25 06:33:52'),
(1963, 13, 5, 134, '2026-01-25 06:33:52', '2026-01-25 06:33:52'),
(1964, 13, 6, 243, '2026-01-25 06:33:52', '2026-01-25 06:33:52'),
(1965, 13, 7, 380, '2026-01-25 06:33:52', '2026-01-25 06:33:52'),
(1966, 13, 8, 421, '2026-01-25 06:33:52', '2026-01-25 06:33:52'),
(1967, 13, 9, 498, '2026-01-25 06:33:52', '2026-01-25 06:33:52'),
(1968, 13, 10, 102, '2026-01-25 06:33:52', '2026-01-25 06:33:52'),
(1969, 13, 11, 60, '2026-01-25 06:33:52', '2026-01-25 06:33:52'),
(1970, 13, 12, 93, '2026-01-25 06:33:52', '2026-01-25 06:33:52'),
(1971, 13, 13, 0, '2026-01-25 06:33:52', '2026-01-25 06:33:52'),
(1972, 13, 14, 129, '2026-01-25 06:33:52', '2026-01-25 06:33:52'),
(1973, 13, 15, 267, '2026-01-25 06:33:52', '2026-01-25 06:33:52'),
(1974, 13, 16, 288, '2026-01-25 06:33:52', '2026-01-25 06:33:52'),
(1975, 13, 17, 129, '2026-01-25 06:33:52', '2026-01-25 06:33:52'),
(1976, 13, 18, 175, '2026-01-25 06:33:52', '2026-01-25 06:33:52'),
(1977, 13, 19, 175, '2026-01-25 06:33:52', '2026-01-25 06:33:52'),
(1978, 13, 20, 89, '2026-01-25 06:33:52', '2026-01-25 06:33:52'),
(1979, 13, 21, 185, '2026-01-25 06:33:52', '2026-01-25 06:33:52'),
(1980, 13, 22, 261, '2026-01-25 06:33:52', '2026-01-25 06:33:52'),
(1981, 13, 23, 306, '2026-01-25 06:33:52', '2026-01-25 06:33:52'),
(1982, 13, 24, 362, '2026-01-25 06:33:52', '2026-01-25 06:33:52'),
(1983, 13, 25, 219, '2026-01-25 06:33:52', '2026-01-25 06:33:52'),
(1984, 14, 1, 329, '2026-01-25 06:33:52', '2026-01-25 06:33:52'),
(1985, 14, 2, 358, '2026-01-25 06:33:52', '2026-01-25 06:33:52'),
(1986, 14, 3, 372, '2026-01-25 06:33:52', '2026-01-25 06:33:52'),
(1987, 14, 4, 234, '2026-01-25 06:33:52', '2026-01-25 06:33:52'),
(1988, 14, 5, 202, '2026-01-25 06:33:52', '2026-01-25 06:33:52'),
(1989, 14, 6, 311, '2026-01-25 06:33:52', '2026-01-25 06:33:52'),
(1990, 14, 7, 448, '2026-01-25 06:33:52', '2026-01-25 06:33:52'),
(1991, 14, 8, 489, '2026-01-25 06:33:52', '2026-01-25 06:33:52'),
(1992, 14, 9, 566, '2026-01-25 06:33:52', '2026-01-25 06:33:52'),
(1993, 14, 10, 68, '2026-01-25 06:33:52', '2026-01-25 06:33:52'),
(1994, 14, 11, 86, '2026-01-25 06:33:52', '2026-01-25 06:33:52'),
(1995, 14, 12, 176, '2026-01-25 06:33:52', '2026-01-25 06:33:52'),
(1996, 14, 13, 129, '2026-01-25 06:33:52', '2026-01-25 06:33:52'),
(1997, 14, 14, 0, '2026-01-25 06:33:52', '2026-01-25 06:33:52'),
(1998, 14, 15, 332, '2026-01-25 06:33:52', '2026-01-25 06:33:52'),
(1999, 14, 16, 353, '2026-01-25 06:33:52', '2026-01-25 06:33:52'),
(2000, 14, 17, 197, '2026-01-25 06:33:52', '2026-01-25 06:33:52'),
(2001, 14, 18, 243, '2026-01-25 06:33:52', '2026-01-25 06:33:52'),
(2002, 14, 19, 292, '2026-01-25 06:33:52', '2026-01-25 06:33:52'),
(2003, 14, 20, 157, '2026-01-25 06:33:52', '2026-01-25 06:33:52'),
(2004, 14, 21, 253, '2026-01-25 06:33:52', '2026-01-25 06:33:52'),
(2005, 14, 22, 329, '2026-01-25 06:33:52', '2026-01-25 06:33:52'),
(2006, 14, 23, 374, '2026-01-25 06:33:52', '2026-01-25 06:33:52'),
(2007, 14, 24, 430, '2026-01-25 06:33:52', '2026-01-25 06:33:52'),
(2008, 14, 25, 287, '2026-01-25 06:33:52', '2026-01-25 06:33:52'),
(2009, 15, 1, 297, '2026-01-25 06:33:52', '2026-01-25 06:33:52'),
(2010, 15, 2, 326, '2026-01-25 06:33:52', '2026-01-25 06:33:52'),
(2011, 15, 3, 340, '2026-01-25 06:33:52', '2026-01-25 06:33:52'),
(2012, 15, 4, 182, '2026-01-25 06:33:52', '2026-01-25 06:33:52'),
(2013, 15, 5, 160, '2026-01-25 06:33:52', '2026-01-25 06:33:52'),
(2014, 15, 6, 169, '2026-01-25 06:33:52', '2026-01-25 06:33:52'),
(2015, 15, 7, 416, '2026-01-25 06:33:52', '2026-01-25 06:33:52'),
(2016, 15, 8, 457, '2026-01-25 06:33:52', '2026-01-25 06:33:52'),
(2017, 15, 9, 534, '2026-01-25 06:33:52', '2026-01-25 06:33:52'),
(2018, 15, 10, 400, '2026-01-25 06:33:52', '2026-01-25 06:33:52'),
(2019, 15, 11, 314, '2026-01-25 06:33:52', '2026-01-25 06:33:52'),
(2020, 15, 12, 470, '2026-01-25 06:33:52', '2026-01-25 06:33:52'),
(2021, 15, 13, 267, '2026-01-25 06:33:52', '2026-01-25 06:33:52'),
(2022, 15, 14, 332, '2026-01-25 06:33:52', '2026-01-25 06:33:52'),
(2023, 15, 15, 0, '2026-01-25 06:33:52', '2026-01-25 06:33:52'),
(2024, 15, 16, 64, '2026-01-25 06:33:52', '2026-01-25 06:33:52'),
(2025, 15, 17, 69, '2026-01-25 06:33:52', '2026-01-25 06:33:52'),
(2026, 15, 18, 241, '2026-01-25 06:33:52', '2026-01-25 06:33:52'),
(2027, 15, 19, 369, '2026-01-25 06:33:52', '2026-01-25 06:33:52'),
(2028, 15, 20, 229, '2026-01-25 06:33:52', '2026-01-25 06:33:52'),
(2029, 15, 21, 166, '2026-01-25 06:33:52', '2026-01-25 06:33:52'),
(2030, 15, 22, 197, '2026-01-25 06:33:52', '2026-01-25 06:33:52'),
(2031, 15, 23, 164, '2026-01-25 06:33:52', '2026-01-25 06:33:52'),
(2032, 15, 24, 358, '2026-01-25 06:33:52', '2026-01-25 06:33:52'),
(2033, 15, 25, 255, '2026-01-25 06:33:52', '2026-01-25 06:33:52'),
(2034, 16, 1, 318, '2026-01-25 06:33:52', '2026-01-25 06:33:52'),
(2035, 16, 2, 347, '2026-01-25 06:33:52', '2026-01-25 06:33:52'),
(2036, 16, 3, 361, '2026-01-25 06:33:52', '2026-01-25 06:33:52'),
(2037, 16, 4, 203, '2026-01-25 06:33:52', '2026-01-25 06:33:52'),
(2038, 16, 5, 181, '2026-01-25 06:33:52', '2026-01-25 06:33:52'),
(2039, 16, 6, 190, '2026-01-25 06:33:52', '2026-01-25 06:33:52'),
(2040, 16, 7, 437, '2026-01-25 06:33:52', '2026-01-25 06:33:52'),
(2041, 16, 8, 478, '2026-01-25 06:33:52', '2026-01-25 06:33:52'),
(2042, 16, 9, 555, '2026-01-25 06:33:52', '2026-01-25 06:33:52'),
(2043, 16, 10, 421, '2026-01-25 06:33:52', '2026-01-25 06:33:52'),
(2044, 16, 11, 335, '2026-01-25 06:33:52', '2026-01-25 06:33:52'),
(2045, 16, 12, 491, '2026-01-25 06:33:52', '2026-01-25 06:33:52'),
(2046, 16, 13, 288, '2026-01-25 06:33:52', '2026-01-25 06:33:52'),
(2047, 16, 14, 353, '2026-01-25 06:33:52', '2026-01-25 06:33:52'),
(2048, 16, 15, 64, '2026-01-25 06:33:52', '2026-01-25 06:33:52'),
(2049, 16, 16, 0, '2026-01-25 06:33:52', '2026-01-25 06:33:52'),
(2050, 16, 17, 95, '2026-01-25 06:33:52', '2026-01-25 06:33:52'),
(2051, 16, 18, 262, '2026-01-25 06:33:52', '2026-01-25 06:33:52'),
(2052, 16, 19, 390, '2026-01-25 06:33:52', '2026-01-25 06:33:52'),
(2053, 16, 20, 250, '2026-01-25 06:33:52', '2026-01-25 06:33:52'),
(2054, 16, 21, 187, '2026-01-25 06:33:52', '2026-01-25 06:33:52'),
(2055, 16, 22, 166, '2026-01-25 06:33:52', '2026-01-25 06:33:52'),
(2056, 16, 23, 85, '2026-01-25 06:33:52', '2026-01-25 06:33:52'),
(2057, 16, 24, 379, '2026-01-25 06:33:52', '2026-01-25 06:33:52'),
(2058, 16, 25, 276, '2026-01-25 06:33:52', '2026-01-25 06:33:52'),
(2059, 17, 1, 257, '2026-01-25 06:33:52', '2026-01-25 06:33:52'),
(2060, 17, 2, 286, '2026-01-25 06:33:52', '2026-01-25 06:33:52'),
(2061, 17, 3, 300, '2026-01-25 06:33:52', '2026-01-25 06:33:52'),
(2062, 17, 4, 142, '2026-01-25 06:33:52', '2026-01-25 06:33:52'),
(2063, 17, 5, 120, '2026-01-25 06:33:52', '2026-01-25 06:33:52'),
(2064, 17, 6, 169, '2026-01-25 06:33:52', '2026-01-25 06:33:52'),
(2065, 17, 7, 376, '2026-01-25 06:33:52', '2026-01-25 06:33:52'),
(2066, 17, 8, 417, '2026-01-25 06:33:52', '2026-01-25 06:33:52'),
(2067, 17, 9, 494, '2026-01-25 06:33:52', '2026-01-25 06:33:52'),
(2068, 17, 10, 215, '2026-01-25 06:33:52', '2026-01-25 06:33:52'),
(2069, 17, 11, 178, '2026-01-25 06:33:52', '2026-01-25 06:33:52'),
(2070, 17, 12, 257, '2026-01-25 06:33:52', '2026-01-25 06:33:52'),
(2071, 17, 13, 129, '2026-01-25 06:33:52', '2026-01-25 06:33:52'),
(2072, 17, 14, 197, '2026-01-25 06:33:52', '2026-01-25 06:33:52'),
(2073, 17, 15, 69, '2026-01-25 06:33:52', '2026-01-25 06:33:52'),
(2074, 17, 16, 95, '2026-01-25 06:33:52', '2026-01-25 06:33:52'),
(2075, 17, 17, 0, '2026-01-25 06:33:52', '2026-01-25 06:33:52'),
(2076, 17, 18, 201, '2026-01-25 06:33:52', '2026-01-25 06:33:52'),
(2077, 17, 19, 285, '2026-01-25 06:33:52', '2026-01-25 06:33:52'),
(2078, 17, 20, 144, '2026-01-25 06:33:52', '2026-01-25 06:33:52'),
(2079, 17, 21, 103, '2026-01-25 06:33:52', '2026-01-25 06:33:52'),
(2080, 17, 22, 195, '2026-01-25 06:33:52', '2026-01-25 06:33:52'),
(2081, 17, 23, 240, '2026-01-25 06:33:52', '2026-01-25 06:33:52'),
(2082, 17, 24, 318, '2026-01-25 06:33:52', '2026-01-25 06:33:52'),
(2083, 17, 25, 215, '2026-01-25 06:33:52', '2026-01-25 06:33:52'),
(2084, 18, 1, 94, '2026-01-25 06:33:52', '2026-01-25 06:33:52'),
(2085, 18, 2, 123, '2026-01-25 06:33:52', '2026-01-25 06:33:52'),
(2086, 18, 3, 137, '2026-01-25 06:33:52', '2026-01-25 06:33:52'),
(2087, 18, 4, 59, '2026-01-25 06:33:52', '2026-01-25 06:33:52'),
(2088, 18, 5, 73, '2026-01-25 06:33:52', '2026-01-25 06:33:52'),
(2089, 18, 6, 136, '2026-01-25 06:33:52', '2026-01-25 06:33:52'),
(2090, 18, 7, 213, '2026-01-25 06:33:52', '2026-01-25 06:33:52'),
(2091, 18, 8, 254, '2026-01-25 06:33:52', '2026-01-25 06:33:52'),
(2092, 18, 9, 331, '2026-01-25 06:33:52', '2026-01-25 06:33:52'),
(2093, 18, 10, 302, '2026-01-25 06:33:52', '2026-01-25 06:33:52'),
(2094, 18, 11, 224, '2026-01-25 06:33:52', '2026-01-25 06:33:52'),
(2095, 18, 12, 222, '2026-01-25 06:33:52', '2026-01-25 06:33:52'),
(2096, 18, 13, 175, '2026-01-25 06:33:52', '2026-01-25 06:33:52'),
(2097, 18, 14, 243, '2026-01-25 06:33:52', '2026-01-25 06:33:52'),
(2098, 18, 15, 241, '2026-01-25 06:33:52', '2026-01-25 06:33:52'),
(2099, 18, 16, 262, '2026-01-25 06:33:52', '2026-01-25 06:33:52'),
(2100, 18, 17, 201, '2026-01-25 06:33:52', '2026-01-25 06:33:52'),
(2101, 18, 18, 0, '2026-01-25 06:33:52', '2026-01-25 06:33:52'),
(2102, 18, 19, 72, '2026-01-25 06:33:52', '2026-01-25 06:33:52'),
(2103, 18, 20, 85, '2026-01-25 06:33:52', '2026-01-25 06:33:52'),
(2104, 18, 21, 160, '2026-01-25 06:33:52', '2026-01-25 06:33:52'),
(2105, 18, 22, 154, '2026-01-25 06:33:52', '2026-01-25 06:33:52'),
(2106, 18, 23, 209, '2026-01-25 06:33:52', '2026-01-25 06:33:52'),
(2107, 18, 24, 125, '2026-01-25 06:33:52', '2026-01-25 06:33:52'),
(2108, 18, 25, 48, '2026-01-25 06:33:52', '2026-01-25 06:33:52'),
(2109, 19, 1, 128, '2026-01-25 06:33:52', '2026-01-25 06:33:52'),
(2110, 19, 2, 157, '2026-01-25 06:33:52', '2026-01-25 06:33:52'),
(2111, 19, 3, 171, '2026-01-25 06:33:52', '2026-01-25 06:33:52'),
(2112, 19, 4, 143, '2026-01-25 06:33:52', '2026-01-25 06:33:52'),
(2113, 19, 5, 157, '2026-01-25 06:33:52', '2026-01-25 06:33:52'),
(2114, 19, 6, 220, '2026-01-25 06:33:52', '2026-01-25 06:33:52'),
(2115, 19, 7, 247, '2026-01-25 06:33:52', '2026-01-25 06:33:52'),
(2116, 19, 8, 288, '2026-01-25 06:33:52', '2026-01-25 06:33:52'),
(2117, 19, 9, 365, '2026-01-25 06:33:52', '2026-01-25 06:33:52'),
(2118, 19, 10, 270, '2026-01-25 06:33:52', '2026-01-25 06:33:52'),
(2119, 19, 11, 224, '2026-01-25 06:33:52', '2026-01-25 06:33:52'),
(2120, 19, 12, 161, '2026-01-25 06:33:52', '2026-01-25 06:33:52'),
(2121, 19, 13, 175, '2026-01-25 06:33:52', '2026-01-25 06:33:52'),
(2122, 19, 14, 292, '2026-01-25 06:33:52', '2026-01-25 06:33:52'),
(2123, 19, 15, 369, '2026-01-25 06:33:52', '2026-01-25 06:33:52'),
(2124, 19, 16, 390, '2026-01-25 06:33:52', '2026-01-25 06:33:52'),
(2125, 19, 17, 285, '2026-01-25 06:33:52', '2026-01-25 06:33:52'),
(2126, 19, 18, 72, '2026-01-25 06:33:52', '2026-01-25 06:33:52'),
(2127, 19, 19, 0, '2026-01-25 06:33:52', '2026-01-25 06:33:52'),
(2128, 19, 20, 153, '2026-01-25 06:33:52', '2026-01-25 06:33:52'),
(2129, 19, 21, 244, '2026-01-25 06:33:52', '2026-01-25 06:33:52'),
(2130, 19, 22, 238, '2026-01-25 06:33:52', '2026-01-25 06:33:52'),
(2131, 19, 23, 293, '2026-01-25 06:33:52', '2026-01-25 06:33:52'),
(2132, 19, 24, 199, '2026-01-25 06:33:52', '2026-01-25 06:33:52'),
(2133, 19, 25, 120, '2026-01-25 06:33:52', '2026-01-25 06:33:52'),
(2134, 20, 1, 206, '2026-01-25 06:33:52', '2026-01-25 06:33:52'),
(2135, 20, 2, 235, '2026-01-25 06:33:52', '2026-01-25 06:33:52'),
(2136, 20, 3, 249, '2026-01-25 06:33:52', '2026-01-25 06:33:52'),
(2137, 20, 4, 106, '2026-01-25 06:33:52', '2026-01-25 06:33:52'),
(2138, 20, 5, 76, '2026-01-25 06:33:52', '2026-01-25 06:33:52'),
(2139, 20, 6, 183, '2026-01-25 06:33:52', '2026-01-25 06:33:52'),
(2140, 20, 7, 325, '2026-01-25 06:33:52', '2026-01-25 06:33:52'),
(2141, 20, 8, 366, '2026-01-25 06:33:52', '2026-01-25 06:33:52'),
(2142, 20, 9, 443, '2026-01-25 06:33:52', '2026-01-25 06:33:52'),
(2143, 20, 10, 190, '2026-01-25 06:33:52', '2026-01-25 06:33:52'),
(2144, 20, 11, 138, '2026-01-25 06:33:52', '2026-01-25 06:33:52'),
(2145, 20, 12, 161, '2026-01-25 06:33:52', '2026-01-25 06:33:52'),
(2146, 20, 13, 89, '2026-01-25 06:33:52', '2026-01-25 06:33:52'),
(2147, 20, 14, 157, '2026-01-25 06:33:52', '2026-01-25 06:33:52'),
(2148, 20, 15, 229, '2026-01-25 06:33:52', '2026-01-25 06:33:52'),
(2149, 20, 16, 250, '2026-01-25 06:33:52', '2026-01-25 06:33:52'),
(2150, 20, 17, 144, '2026-01-25 06:33:52', '2026-01-25 06:33:52'),
(2151, 20, 18, 85, '2026-01-25 06:33:52', '2026-01-25 06:33:52'),
(2152, 20, 19, 153, '2026-01-25 06:33:52', '2026-01-25 06:33:52'),
(2153, 20, 20, 0, '2026-01-25 06:33:52', '2026-01-25 06:33:52'),
(2154, 20, 21, 104, '2026-01-25 06:33:52', '2026-01-25 06:33:52'),
(2155, 20, 22, 201, '2026-01-25 06:33:52', '2026-01-25 06:33:52'),
(2156, 20, 23, 266, '2026-01-25 06:33:52', '2026-01-25 06:33:52'),
(2157, 20, 24, 307, '2026-01-25 06:33:52', '2026-01-25 06:33:52'),
(2158, 20, 25, 164, '2026-01-25 06:33:52', '2026-01-25 06:33:52'),
(2159, 21, 1, 216, '2026-01-25 06:33:52', '2026-01-25 06:33:52'),
(2160, 21, 2, 245, '2026-01-25 06:33:52', '2026-01-25 06:33:52'),
(2161, 21, 3, 259, '2026-01-25 06:33:52', '2026-01-25 06:33:52'),
(2162, 21, 4, 101, '2026-01-25 06:33:52', '2026-01-25 06:33:52'),
(2163, 21, 5, 79, '2026-01-25 06:33:52', '2026-01-25 06:33:52'),
(2164, 21, 6, 138, '2026-01-25 06:33:52', '2026-01-25 06:33:52'),
(2165, 21, 7, 335, '2026-01-25 06:33:52', '2026-01-25 06:33:52'),
(2166, 21, 8, 376, '2026-01-25 06:33:52', '2026-01-25 06:33:52'),
(2167, 21, 9, 453, '2026-01-25 06:33:52', '2026-01-25 06:33:52'),
(2168, 21, 10, 306, '2026-01-25 06:33:52', '2026-01-25 06:33:52'),
(2169, 21, 11, 234, '2026-01-25 06:33:52', '2026-01-25 06:33:52'),
(2170, 21, 12, 292, '2026-01-25 06:33:52', '2026-01-25 06:33:52'),
(2171, 21, 13, 185, '2026-01-25 06:33:52', '2026-01-25 06:33:52'),
(2172, 21, 14, 253, '2026-01-25 06:33:52', '2026-01-25 06:33:52'),
(2173, 21, 15, 166, '2026-01-25 06:33:52', '2026-01-25 06:33:52'),
(2174, 21, 16, 187, '2026-01-25 06:33:52', '2026-01-25 06:33:52'),
(2175, 21, 17, 103, '2026-01-25 06:33:52', '2026-01-25 06:33:52'),
(2176, 21, 18, 160, '2026-01-25 06:33:52', '2026-01-25 06:33:52'),
(2177, 21, 19, 244, '2026-01-25 06:33:52', '2026-01-25 06:33:52'),
(2178, 21, 20, 104, '2026-01-25 06:33:52', '2026-01-25 06:33:52'),
(2179, 21, 21, 0, '2026-01-25 06:33:52', '2026-01-25 06:33:52'),
(2180, 21, 22, 160, '2026-01-25 06:33:52', '2026-01-25 06:33:52'),
(2181, 21, 23, 225, '2026-01-25 06:33:52', '2026-01-25 06:33:52'),
(2182, 21, 24, 317, '2026-01-25 06:33:52', '2026-01-25 06:33:52'),
(2183, 21, 25, 174, '2026-01-25 06:33:52', '2026-01-25 06:33:52'),
(2184, 22, 1, 230, '2026-01-25 06:33:52', '2026-01-25 06:33:52'),
(2185, 22, 2, 259, '2026-01-25 06:33:52', '2026-01-25 06:33:52'),
(2186, 22, 3, 273, '2026-01-25 06:33:52', '2026-01-25 06:33:52'),
(2187, 22, 4, 95, '2026-01-25 06:33:52', '2026-01-25 06:33:52'),
(2188, 22, 5, 137, '2026-01-25 06:33:52', '2026-01-25 06:33:52'),
(2189, 22, 6, 78, '2026-01-25 06:33:52', '2026-01-25 06:33:52'),
(2190, 22, 7, 349, '2026-01-25 06:33:52', '2026-01-25 06:33:52'),
(2191, 22, 8, 390, '2026-01-25 06:33:52', '2026-01-25 06:33:52'),
(2192, 22, 9, 467, '2026-01-25 06:33:52', '2026-01-25 06:33:52'),
(2193, 22, 10, 406, '2026-01-25 06:33:52', '2026-01-25 06:33:52'),
(2194, 22, 11, 310, '2026-01-25 06:33:52', '2026-01-25 06:33:52'),
(2195, 22, 12, 308, '2026-01-25 06:33:52', '2026-01-25 06:33:52'),
(2196, 22, 13, 261, '2026-01-25 06:33:52', '2026-01-25 06:33:52'),
(2197, 22, 14, 329, '2026-01-25 06:33:52', '2026-01-25 06:33:52'),
(2198, 22, 15, 197, '2026-01-25 06:33:52', '2026-01-25 06:33:52'),
(2199, 22, 16, 166, '2026-01-25 06:33:52', '2026-01-25 06:33:52'),
(2200, 22, 17, 195, '2026-01-25 06:33:52', '2026-01-25 06:33:52'),
(2201, 22, 18, 154, '2026-01-25 06:33:52', '2026-01-25 06:33:52'),
(2202, 22, 19, 238, '2026-01-25 06:33:52', '2026-01-25 06:33:52'),
(2203, 22, 20, 201, '2026-01-25 06:33:52', '2026-01-25 06:33:52'),
(2204, 22, 21, 160, '2026-01-25 06:33:52', '2026-01-25 06:33:52'),
(2205, 22, 22, 0, '2026-01-25 06:33:52', '2026-01-25 06:33:52'),
(2206, 22, 23, 85, '2026-01-25 06:33:52', '2026-01-25 06:33:52'),
(2207, 22, 24, 198, '2026-01-25 06:33:52', '2026-01-25 06:33:52'),
(2208, 22, 25, 138, '2026-01-25 06:33:52', '2026-01-25 06:33:52'),
(2209, 23, 1, 275, '2026-01-25 06:33:52', '2026-01-25 06:33:52'),
(2210, 23, 2, 304, '2026-01-25 06:33:52', '2026-01-25 06:33:52'),
(2211, 23, 3, 318, '2026-01-25 06:33:52', '2026-01-25 06:33:52'),
(2212, 23, 4, 160, '2026-01-25 06:33:52', '2026-01-25 06:33:52'),
(2213, 23, 5, 202, '2026-01-25 06:33:52', '2026-01-25 06:33:52'),
(2214, 23, 6, 123, '2026-01-25 06:33:52', '2026-01-25 06:33:52'),
(2215, 23, 7, 394, '2026-01-25 06:33:52', '2026-01-25 06:33:52'),
(2216, 23, 8, 435, '2026-01-25 06:33:52', '2026-01-25 06:33:52'),
(2217, 23, 9, 512, '2026-01-25 06:33:52', '2026-01-25 06:33:52'),
(2218, 23, 10, 451, '2026-01-25 06:33:52', '2026-01-25 06:33:52'),
(2219, 23, 11, 355, '2026-01-25 06:33:52', '2026-01-25 06:33:52'),
(2220, 23, 12, 353, '2026-01-25 06:33:52', '2026-01-25 06:33:52'),
(2221, 23, 13, 306, '2026-01-25 06:33:52', '2026-01-25 06:33:52'),
(2222, 23, 14, 374, '2026-01-25 06:33:52', '2026-01-25 06:33:52'),
(2223, 23, 15, 164, '2026-01-25 06:33:52', '2026-01-25 06:33:52'),
(2224, 23, 16, 85, '2026-01-25 06:33:52', '2026-01-25 06:33:52'),
(2225, 23, 17, 240, '2026-01-25 06:33:52', '2026-01-25 06:33:52'),
(2226, 23, 18, 209, '2026-01-25 06:33:52', '2026-01-25 06:33:52'),
(2227, 23, 19, 293, '2026-01-25 06:33:52', '2026-01-25 06:33:52'),
(2228, 23, 20, 266, '2026-01-25 06:33:52', '2026-01-25 06:33:52'),
(2229, 23, 21, 225, '2026-01-25 06:33:52', '2026-01-25 06:33:52'),
(2230, 23, 22, 85, '2026-01-25 06:33:52', '2026-01-25 06:33:52'),
(2231, 23, 23, 0, '2026-01-25 06:33:52', '2026-01-25 06:33:52'),
(2232, 23, 24, 243, '2026-01-25 06:33:52', '2026-01-25 06:33:52'),
(2233, 23, 25, 183, '2026-01-25 06:33:52', '2026-01-25 06:33:52'),
(2234, 24, 1, 101, '2026-01-25 06:33:52', '2026-01-25 06:33:52'),
(2235, 24, 2, 130, '2026-01-25 06:33:52', '2026-01-25 06:33:52'),
(2236, 24, 3, 122, '2026-01-25 06:33:52', '2026-01-25 06:33:52'),
(2237, 24, 4, 103, '2026-01-25 06:33:52', '2026-01-25 06:33:52'),
(2238, 24, 5, 145, '2026-01-25 06:33:52', '2026-01-25 06:33:52'),
(2239, 24, 6, 198, '2026-01-25 06:33:52', '2026-01-25 06:33:52'),
(2240, 24, 7, 122, '2026-01-25 06:33:52', '2026-01-25 06:33:52'),
(2241, 24, 8, 163, '2026-01-25 06:33:52', '2026-01-25 06:33:52'),
(2242, 24, 9, 240, '2026-01-25 06:33:52', '2026-01-25 06:33:52'),
(2243, 24, 10, 497, '2026-01-25 06:33:52', '2026-01-25 06:33:52'),
(2244, 24, 11, 411, '2026-01-25 06:33:52', '2026-01-25 06:33:52'),
(2245, 24, 12, 409, '2026-01-25 06:33:52', '2026-01-25 06:33:52'),
(2246, 24, 13, 362, '2026-01-25 06:33:52', '2026-01-25 06:33:52'),
(2247, 24, 14, 430, '2026-01-25 06:33:52', '2026-01-25 06:33:52'),
(2248, 24, 15, 358, '2026-01-25 06:33:52', '2026-01-25 06:33:52'),
(2249, 24, 16, 379, '2026-01-25 06:33:52', '2026-01-25 06:33:52'),
(2250, 24, 17, 318, '2026-01-25 06:33:52', '2026-01-25 06:33:52'),
(2251, 24, 18, 125, '2026-01-25 06:33:52', '2026-01-25 06:33:52'),
(2252, 24, 19, 199, '2026-01-25 06:33:52', '2026-01-25 06:33:52'),
(2253, 24, 20, 307, '2026-01-25 06:33:52', '2026-01-25 06:33:52'),
(2254, 24, 21, 317, '2026-01-25 06:33:52', '2026-01-25 06:33:52'),
(2255, 24, 22, 198, '2026-01-25 06:33:52', '2026-01-25 06:33:52'),
(2256, 24, 23, 243, '2026-01-25 06:33:52', '2026-01-25 06:33:52'),
(2257, 24, 24, 0, '2026-01-25 06:33:52', '2026-01-25 06:33:52'),
(2258, 24, 25, 48, '2026-01-25 06:33:52', '2026-01-25 06:33:52'),
(2259, 25, 1, 80, '2026-01-25 06:33:52', '2026-01-25 06:33:52'),
(2260, 25, 2, 109, '2026-01-25 06:33:52', '2026-01-25 06:33:52'),
(2261, 25, 3, 123, '2026-01-25 06:33:52', '2026-01-25 06:33:52'),
(2262, 25, 4, 43, '2026-01-25 06:33:52', '2026-01-25 06:33:52'),
(2263, 25, 5, 85, '2026-01-25 06:33:52', '2026-01-25 06:33:52'),
(2264, 25, 6, 138, '2026-01-25 06:33:52', '2026-01-25 06:33:52'),
(2265, 25, 7, 199, '2026-01-25 06:33:52', '2026-01-25 06:33:52'),
(2266, 25, 8, 240, '2026-01-25 06:33:52', '2026-01-25 06:33:52'),
(2267, 25, 9, 317, '2026-01-25 06:33:52', '2026-01-25 06:33:52'),
(2268, 25, 10, 354, '2026-01-25 06:33:52', '2026-01-25 06:33:52'),
(2269, 25, 11, 268, '2026-01-25 06:33:52', '2026-01-25 06:33:52'),
(2270, 25, 12, 266, '2026-01-25 06:33:52', '2026-01-25 06:33:52'),
(2271, 25, 13, 219, '2026-01-25 06:33:52', '2026-01-25 06:33:52'),
(2272, 25, 14, 287, '2026-01-25 06:33:52', '2026-01-25 06:33:52'),
(2273, 25, 15, 255, '2026-01-25 06:33:52', '2026-01-25 06:33:52'),
(2274, 25, 16, 276, '2026-01-25 06:33:52', '2026-01-25 06:33:52'),
(2275, 25, 17, 215, '2026-01-25 06:33:52', '2026-01-25 06:33:52'),
(2276, 25, 18, 48, '2026-01-25 06:33:52', '2026-01-25 06:33:52'),
(2277, 25, 19, 120, '2026-01-25 06:33:52', '2026-01-25 06:33:52'),
(2278, 25, 20, 164, '2026-01-25 06:33:52', '2026-01-25 06:33:52'),
(2279, 25, 21, 174, '2026-01-25 06:33:52', '2026-01-25 06:33:52'),
(2280, 25, 22, 138, '2026-01-25 06:33:52', '2026-01-25 06:33:52'),
(2281, 25, 23, 183, '2026-01-25 06:33:52', '2026-01-25 06:33:52'),
(2282, 25, 24, 48, '2026-01-25 06:33:52', '2026-01-25 06:33:52'),
(2283, 25, 25, 0, '2026-01-25 06:33:52', '2026-01-25 06:33:52');

-- --------------------------------------------------------

--
-- Table structure for table `farmer_profiles`
--

CREATE TABLE `farmer_profiles` (
  `id` int(11) NOT NULL,
  `user_id` int(11) NOT NULL,
  `phone` varchar(20) DEFAULT NULL,
  `district` varchar(100) DEFAULT NULL,
  `crops_selling` text DEFAULT NULL,
  `full_address` text DEFAULT NULL,
  `profile_photo` varchar(255) DEFAULT NULL,
  `created_at` timestamp NOT NULL DEFAULT current_timestamp(),
  `updated_at` timestamp NOT NULL DEFAULT current_timestamp() ON UPDATE current_timestamp()
) ENGINE=InnoDB DEFAULT CHARSET=utf8mb4 COLLATE=utf8mb4_general_ci;

--
-- Dumping data for table `farmer_profiles`
--

INSERT INTO `farmer_profiles` (`id`, `user_id`, `phone`, `district`, `crops_selling`, `full_address`, `profile_photo`, `created_at`, `updated_at`) VALUES
(1, 9, '0711111111', 'Kalutara', '', 'Lake Rd, Kalutara', 'profile_photo_9_1775280040_a80dcc83.jpeg', '2026-01-08 06:06:28', '2026-04-16 06:24:26'),
(3, 23, '0771234567', 'Kalutara', '', '', 'profile_photo_23_1775301617_d2f59ce8.jpeg', '2026-02-08 15:27:51', '2026-04-04 11:20:17'),
(4, 45, NULL, NULL, NULL, NULL, NULL, '2026-04-18 12:00:26', '2026-04-18 12:00:26'),
(5, 46, NULL, NULL, NULL, NULL, NULL, '2026-04-18 12:09:46', '2026-04-18 12:09:46'),
(6, 47, NULL, NULL, NULL, NULL, NULL, '2026-04-18 12:17:50', '2026-04-18 12:17:50'),
(7, 48, NULL, NULL, NULL, NULL, NULL, '2026-04-18 12:22:00', '2026-04-18 12:22:00'),
(8, 49, NULL, NULL, NULL, NULL, NULL, '2026-04-18 12:24:26', '2026-04-18 12:24:26');

-- --------------------------------------------------------

--
-- Table structure for table `notifications`
--

CREATE TABLE `notifications` (
  `id` int(11) NOT NULL,
  `user_id` int(11) NOT NULL,
  `event_key` varchar(120) NOT NULL,
  `title` varchar(180) NOT NULL,
  `message` text NOT NULL,
  `type` varchar(50) NOT NULL,
  `is_read` tinyint(1) NOT NULL DEFAULT 0,
  `related_id` int(11) DEFAULT NULL,
  `link` varchar(255) DEFAULT NULL,
  `created_at` timestamp NOT NULL DEFAULT current_timestamp(),
  `read_at` timestamp NULL DEFAULT NULL,
  `updated_at` timestamp NOT NULL DEFAULT current_timestamp() ON UPDATE current_timestamp()
) ENGINE=InnoDB DEFAULT CHARSET=utf8mb4 COLLATE=utf8mb4_unicode_ci;

--
-- Dumping data for table `notifications`
--

INSERT INTO `notifications` (`id`, `user_id`, `event_key`, `title`, `message`, `type`, `is_read`, `related_id`, `link`, `created_at`, `read_at`, `updated_at`) VALUES
(1, 11, 'new_product_49', 'New Product Listed', 'Banana by vonara | Rs. 100.00/kg', 'new_products', 1, 49, 'buyerproducts', '2026-04-04 05:13:09', '2026-04-07 06:00:28', '2026-04-07 06:00:28'),
(2, 11, 'new_product_45', 'New Product Listed', 'Pumpkin by Sewni Jayawardana | Rs. 130.00/kg', 'new_products', 1, 45, 'buyerproducts', '2026-04-04 00:39:26', '2026-04-07 06:00:28', '2026-04-16 06:36:41'),
(3, 11, 'new_product_47', 'New Product Listed', 'Pumpkin by vonara | Rs. 95.00/kg', 'new_products', 1, 47, 'buyerproducts', '2026-04-04 00:39:26', '2026-04-07 06:00:28', '2026-04-07 06:00:28'),
(4, 11, 'new_product_44', 'New Product Listed', 'Orange by vonara | Rs. 45.00/kg', 'new_products', 1, 44, 'buyerproducts', '2026-02-09 17:13:40', '2026-04-07 06:00:28', '2026-04-07 06:00:28'),
(6, 11, 'tracking_43_in_transit', 'Delivery Tracking Update', 'Order #ORD-43 | In Transit | Transporter: Kal Transporter', 'tracking', 1, 43, 'buyertracking?order_id=43', '2026-04-04 19:07:09', '2026-04-07 06:00:28', '2026-04-16 07:03:10'),
(7, 11, 'tracking_42_pending', 'Delivery Tracking Update', 'Order #ORD-42 | Pending | Transporter: Pending Assignment', 'tracking', 1, 42, 'buyertracking?order_id=42', '2026-04-04 01:45:07', '2026-04-07 06:00:28', '2026-04-07 06:00:28'),
(8, 11, 'tracking_39_delivered', 'Delivery Tracking Update', 'Order #ORD-39 | Delivered | Transporter: Kal Transporter', 'tracking', 1, 39, 'buyertracking?order_id=39', '2026-04-04 01:40:11', '2026-04-07 06:00:28', '2026-04-16 07:03:10'),
(9, 11, 'tracking_41_shipped', 'Delivery Tracking Update', 'Order #ORD-41 | Shipped | Transporter: Pending Assignment', 'tracking', 1, 41, 'buyertracking?order_id=41', '2026-04-04 00:39:26', '2026-04-07 06:00:28', '2026-04-07 06:00:28'),
(10, 11, 'review_reply_4', 'Review Reply Received', 'Farmer Sewni Jayawardana replied to your review for Pumpkin', 'review_replies', 1, 4, 'buyerreviews', '2026-04-04 01:08:15', '2026-04-07 06:00:28', '2026-04-16 06:36:41'),
(11, 11, 'request_reply_13_declined', 'Request Declined', 'banana | 56 kg | Declined', 'request_replies', 1, 13, 'croprequest/show/13', '2026-01-21 09:31:05', '2026-04-07 06:00:28', '2026-04-07 06:00:28'),
(12, 11, 'request_reply_11_accepted', 'Request Accepted', 'mango | 56 kg | Accepted', 'request_replies', 1, 11, 'croprequest/show/11', '2025-12-17 04:38:21', '2026-04-07 06:00:28', '2026-04-07 06:00:28'),
(13, 11, 'request_reply_9_completed', 'Request Completed', 'BeetRoot | 50 kg | Completed', 'request_replies', 1, 9, 'croprequest/show/9', '2025-12-16 13:42:40', '2026-04-07 06:00:28', '2026-04-07 06:00:28'),
(15, 11, 'order_update_43_shipped', 'Order Shipped', 'Order #ORD-43 | Shipped | Total: Rs. 4,422.90', 'order_updates', 1, 43, 'buyerorders', '2026-04-04 05:16:27', '2026-04-07 06:00:28', '2026-04-07 06:00:28'),
(16, 11, 'order_update_42_pending', 'Order Placed', 'Order #ORD-42 | Pending | Total: Rs. 1,473.75', 'order_updates', 1, 42, 'buyerorders', '2026-04-04 05:16:44', '2026-04-07 06:00:28', '2026-04-07 06:00:28'),
(17, 11, 'order_update_39_delivered', 'Order Delivered', 'Order #ORD-39 | Delivered | Total: Rs. 4,080.00', 'order_updates', 1, 39, 'buyerorders', '2026-04-04 01:40:11', '2026-04-07 06:00:28', '2026-04-07 06:00:28'),
(18, 11, 'order_update_41_shipped', 'Order Shipped', 'Order #ORD-41 | Shipped | Total: Rs. 2,725.00', 'order_updates', 1, 41, 'buyerorders', '2026-04-04 05:27:56', '2026-04-07 06:00:28', '2026-04-07 06:00:28'),
(19, 11, 'system_pending_feedback_11', 'Pending Feedback Reminder', 'You have 6 pending review item(s). Share feedback to help improve marketplace quality.', 'system', 1, NULL, 'buyerreviews', '2026-04-04 01:45:39', '2026-04-07 06:00:28', '2026-04-18 11:11:52'),
(628, 9, 'order_43_shipped', 'Order Status Updated', 'Order #43 • Shipped • Your earning: Rs. 3,900.00', 'orders', 1, 43, 'farmerorders', '2026-04-04 05:16:27', '2026-04-09 06:42:14', '2026-04-09 06:42:14'),
(629, 9, 'order_39_delivered', 'Order Status Updated', 'Order #39 • Delivered • Your earning: Rs. 3,600.00', 'orders', 0, 39, 'farmerorders', '2026-04-04 01:40:11', NULL, '2026-04-09 06:38:32'),
(630, 9, 'crop_13_declined', 'Crop Request Updated', 'Banana • 56 kg • Declined', 'crop_requests', 0, 13, 'farmercroprequests', '2026-01-21 09:31:05', NULL, '2026-04-09 06:38:32'),
(631, 9, 'crop_11_accepted', 'Crop Request Updated', 'Mango • 56 kg • Accepted', 'crop_requests', 0, 11, 'farmercroprequests', '2025-12-17 04:38:21', NULL, '2026-04-09 06:38:32'),
(632, 9, 'crop_10_active', 'Crop Request Updated', 'Papaya • 45 kg • Active', 'crop_requests', 0, 10, 'farmercroprequests', '2025-12-16 14:27:44', NULL, '2026-04-09 06:38:32'),
(633, 9, 'crop_9_completed', 'Crop Request Updated', 'BeetRoot • 50 kg • Completed', 'crop_requests', 0, 9, 'farmercroprequests', '2025-12-16 13:42:40', NULL, '2026-04-09 06:38:32'),
(634, 9, 'delivery_5_in_transit', 'Delivery Update', 'Delivery #5 for Order #43 • In Transit', 'deliveries', 0, 5, 'farmerdeliveries', '2026-04-04 19:07:09', NULL, '2026-04-09 06:38:32'),
(635, 9, 'delivery_2_delivered', 'Delivery Update', 'Delivery #2 for Order #39 • Delivered', 'deliveries', 0, 2, 'farmerdeliveries', '2026-04-04 01:40:11', NULL, '2026-04-09 06:38:32'),
(636, 9, 'review_4', 'New Review Received', 'Yomal Chandima gave 2-star review for Pumpkin', 'reviews', 0, 4, 'farmerreviews', '2026-04-04 00:39:26', NULL, '2026-04-09 06:38:32'),
(637, 9, 'system_profile_missing_9', 'Complete Profile Details', 'Add farm address to keep order and delivery operations smooth.', 'system', 1, NULL, 'farmerprofile', '2026-04-09 03:08:32', '2026-04-13 04:49:26', '2026-04-13 04:49:26'),
(638, 9, 'system_payout_missing_9', 'Add Payout Account', 'Set your payout account details to receive earnings without delay.', 'system', 0, NULL, 'farmerprofile', '2026-04-09 03:08:32', NULL, '2026-04-09 06:38:32'),
(940, 9, 'crop_10_declined', 'Crop Request Updated', 'Papaya • 45 kg • Declined', 'crop_requests', 0, 10, 'farmercroprequests', '2025-12-16 14:27:44', NULL, '2026-04-09 06:46:20'),
(1167, 11, 'new_product_50', 'New Product Listed', 'Banana by Sewni Jayawardana | Rs. 57.98/kg', 'new_products', 1, 50, 'buyerproducts', '2026-04-09 06:40:14', '2026-04-09 07:43:57', '2026-04-16 06:36:41'),
(1180, 11, 'request_reply_10_declined', 'Request Declined', 'papaya | 45 kg | Declined', 'request_replies', 1, 10, 'croprequest/show/10', '2025-12-16 14:27:44', '2026-04-09 07:43:57', '2026-04-09 07:43:57'),
(2125, 23, 'order_42_pending', 'New Order Received', 'Order #42 • Pending • Your earning: Rs. 450.00', 'orders', 1, 42, 'farmerorders', '2026-04-04 05:16:44', '2026-04-12 05:30:53', '2026-04-12 05:30:53'),
(2126, 23, 'order_40_shipped', 'Order Status Updated', 'Order #40 • Shipped • Your earning: Rs. 3,800.00', 'orders', 1, 40, 'farmerorders', '2026-04-04 00:39:26', '2026-04-12 05:30:53', '2026-04-12 05:30:53'),
(2127, 23, 'order_41_shipped', 'Order Status Updated', 'Order #41 • Shipped • Your earning: Rs. 2,375.00', 'orders', 1, 41, 'farmerorders', '2026-04-04 05:27:56', '2026-04-12 05:30:53', '2026-04-12 05:30:53'),
(2128, 23, 'crop_13_declined', 'Crop Request Updated', 'Banana • 56 kg • Declined', 'crop_requests', 1, 13, 'farmercroprequests', '2026-01-21 09:31:05', '2026-04-12 05:30:53', '2026-04-12 05:30:53'),
(2129, 23, 'crop_11_accepted', 'Crop Request Updated', 'Mango • 56 kg • Accepted', 'crop_requests', 1, 11, 'farmercroprequests', '2025-12-17 04:38:21', '2026-04-12 05:30:53', '2026-04-12 05:30:53'),
(2130, 23, 'crop_10_declined', 'Crop Request Updated', 'Papaya • 45 kg • Declined', 'crop_requests', 1, 10, 'farmercroprequests', '2025-12-16 14:27:44', '2026-04-12 05:30:53', '2026-04-12 05:30:53'),
(2131, 23, 'crop_9_completed', 'Crop Request Updated', 'BeetRoot • 50 kg • Completed', 'crop_requests', 1, 9, 'farmercroprequests', '2025-12-16 13:42:40', '2026-04-12 05:30:53', '2026-04-12 05:30:53'),
(2132, 23, 'delivery_6_accepted', 'Delivery Accepted', 'Delivery #6 for Order #44 • Accepted', 'deliveries', 1, 6, 'farmerdeliveries', '2026-04-09 07:16:13', '2026-04-12 05:30:53', '2026-04-12 05:30:53'),
(2133, 23, 'delivery_4_pending', 'Delivery Update', 'Delivery #4 for Order #42 • Pending', 'deliveries', 1, 4, 'farmerdeliveries', '2026-04-04 01:45:07', '2026-04-12 05:30:53', '2026-04-12 05:30:53'),
(2134, 23, 'delivery_3_in_transit', 'Delivery Update', 'Delivery #3 for Order #40 • In Transit', 'deliveries', 1, 3, 'farmerdeliveries', '2026-04-04 00:39:26', '2026-04-12 05:30:53', '2026-04-12 05:30:53'),
(2135, 23, 'review_6', 'New Review Received', 'Yomal Chandima gave 4-star review for Pumpkin', 'reviews', 1, 6, 'farmerreviews', '2026-04-04 01:33:53', '2026-04-12 05:30:53', '2026-04-12 05:30:53'),
(2136, 23, 'review_5', 'New Review Received', 'yomal gave 4-star review for Pumpkin', 'reviews', 1, 5, 'farmerreviews', '2026-04-04 00:39:26', '2026-04-12 05:30:53', '2026-04-12 05:30:53'),
(2137, 23, 'system_profile_missing_23', 'Complete Profile Details', 'Add farm address to keep order and delivery operations smooth.', 'system', 1, NULL, 'farmerprofile', '2026-04-09 03:47:56', '2026-04-12 05:30:53', '2026-04-12 05:30:53'),
(2138, 23, 'system_payout_missing_23', 'Add Payout Account', 'Set your payout account details to receive earnings without delay.', 'system', 1, NULL, 'farmerprofile', '2026-04-09 03:47:56', '2026-04-12 05:30:53', '2026-04-12 05:30:53'),
(4287, 24, 'new_product_50', 'New Product Listed', 'Banana by Sewni Jayawardana | Rs. 57.98/kg', 'new_products', 0, 50, 'buyerproducts', '2026-04-09 06:40:14', NULL, '2026-04-16 08:49:48'),
(4288, 24, 'new_product_49', 'New Product Listed', 'Banana by vonara | Rs. 100.00/kg', 'new_products', 0, 49, 'buyerproducts', '2026-04-04 05:13:09', NULL, '2026-04-12 05:28:15'),
(4289, 24, 'new_product_45', 'New Product Listed', 'Pumpkin by Sewni Jayawardana | Rs. 130.00/kg', 'new_products', 0, 45, 'buyerproducts', '2026-04-04 00:39:26', NULL, '2026-04-16 08:49:48'),
(4290, 24, 'new_product_47', 'New Product Listed', 'Pumpkin by vonara | Rs. 95.00/kg', 'new_products', 0, 47, 'buyerproducts', '2026-04-04 00:39:26', NULL, '2026-04-12 05:28:15'),
(4291, 24, 'new_product_44', 'New Product Listed', 'Orange by vonara | Rs. 45.00/kg', 'new_products', 0, 44, 'buyerproducts', '2026-02-09 17:13:40', NULL, '2026-04-12 05:28:15'),
(4292, 24, 'tracking_40_in_transit', 'Delivery Tracking Update', 'Order #ORD-40 | In Transit | Transporter: Kal Transporter', 'tracking', 0, 40, 'buyertracking?order_id=40', '2026-04-04 00:39:26', NULL, '2026-04-16 08:49:48'),
(4293, 24, 'order_update_40_shipped', 'Order Shipped', 'Order #ORD-40 | Shipped | Total: Rs. 4,420.00', 'order_updates', 0, 40, 'buyerorders', '2026-04-04 00:39:26', NULL, '2026-04-12 05:28:15'),
(4294, 24, 'system_profile_incomplete_24', 'Complete Delivery Profile', 'Please add city in your profile to avoid checkout and delivery issues.', 'system', 0, NULL, 'buyerprofile', '2026-04-03 22:27:44', NULL, '2026-04-16 09:00:27'),
(4295, 24, 'system_pending_feedback_24', 'Pending Feedback Reminder', 'You have 1 pending review item(s). Share feedback to help improve marketplace quality.', 'system', 0, NULL, 'buyerreviews', '2026-04-04 00:39:26', NULL, '2026-04-17 20:30:19'),
(5796, 23, 'delivery_6_in_transit', 'Delivery Update', 'Delivery #6 for Order #44 • In Transit', 'deliveries', 0, 6, 'farmerdeliveries', '2026-04-12 18:06:35', NULL, '2026-04-13 05:16:34'),
(6058, 28, 'transporter_delivery_6_in_transit', 'Delivery In Transit', 'Order #44 | In Transit | Payment: Rs. 1,719.90', 'deliveries', 1, 6, 'transporterdashboard?section=mydeliveries', '2026-04-12 18:06:35', '2026-04-16 06:01:42', '2026-04-16 06:01:42'),
(6059, 28, 'transporter_delivery_5_in_transit', 'Delivery In Transit', 'Order #43 | In Transit | Payment: Rs. 522.90', 'deliveries', 1, 5, 'transporterdashboard?section=mydeliveries', '2026-04-04 19:07:09', '2026-04-16 06:01:42', '2026-04-16 06:01:42'),
(6060, 28, 'transporter_delivery_2_delivered', 'Delivery Completed', 'Order #39 | Delivered | Payment: Rs. 480.00', 'deliveries', 1, 2, 'transporterdashboard?section=mydeliveries', '2026-04-04 01:40:11', '2026-04-16 06:01:42', '2026-04-16 06:01:42'),
(6061, 28, 'transporter_delivery_3_in_transit', 'Delivery In Transit', 'Order #40 | In Transit | Payment: Rs. 620.00', 'deliveries', 1, 3, 'transporterdashboard?section=mydeliveries', '2026-04-04 00:39:26', '2026-04-16 06:01:42', '2026-04-16 06:01:42'),
(6062, 28, 'transporter_review_7', 'New Feedback Received', 'Yomal Chandima gave 5-star feedback for Pumpkin', 'reviews', 1, 7, 'transporterdashboard?section=feedback', '2026-04-04 02:08:05', '2026-04-16 06:01:42', '2026-04-16 07:04:29'),
(6063, 28, 'transporter_system_profile_28', 'Complete Profile Details', 'Please add vehicle type to keep deliveries running smoothly.', 'system', 1, NULL, 'transporterprofile', '2026-04-13 01:50:29', '2026-04-16 06:05:28', '2026-04-16 06:47:54'),
(6064, 28, 'transporter_system_payout_28', 'Add Payout Account', 'Set your payout account details to receive delivery earnings without delays.', 'system', 1, NULL, 'transporterprofile', '2026-04-13 01:50:29', '2026-04-16 06:01:42', '2026-04-16 06:01:42'),
(15301, 24, 'tracking_46_pending', 'Delivery Tracking Update', 'Order #ORD-46 | Pending | Transporter: Pending Assignment', 'tracking', 0, 46, 'buyertracking?order_id=46', '2026-04-16 09:17:52', NULL, '2026-04-16 09:17:52'),
(15303, 24, 'order_update_46_pending_payment', 'Order Status Updated', 'Order #ORD-46 | Pending Payment | Total: Rs. 4,200.00', 'order_updates', 0, 46, 'buyerorders', '2026-04-16 09:17:52', NULL, '2026-04-16 09:17:52'),
(15323, 24, 'order_update_46_pending', 'Order Placed', 'Order #ORD-46 | Pending | Total: Rs. 4,200.00', 'order_updates', 0, 46, 'buyerorders', '2026-04-16 09:27:45', NULL, '2026-04-16 09:27:45'),
(15734, 9, 'farmer_order_43_shipped', 'Order Status Updated', 'Order #43 | Shipped | Your earning: Rs. 3,900.00', 'orders', 0, 43, 'farmerorders', '2026-04-16 07:48:19', NULL, '2026-04-16 10:10:52'),
(15735, 9, 'farmer_order_39_delivered', 'Order Status Updated', 'Order #39 | Delivered | Your earning: Rs. 3,600.00', 'orders', 0, 39, 'farmerorders', '2026-04-16 07:48:19', NULL, '2026-04-16 10:10:52'),
(15736, 9, 'farmer_crop_13_declined', 'Crop Request Updated', 'Banana | 56 kg | Declined', 'crop_requests', 0, 13, 'farmercroprequests', '2026-01-21 09:31:05', NULL, '2026-04-16 10:10:52'),
(15737, 9, 'farmer_crop_11_accepted', 'Crop Request Updated', 'Mango | 56 kg | Accepted', 'crop_requests', 0, 11, 'farmercroprequests', '2025-12-17 04:38:21', NULL, '2026-04-16 10:10:52'),
(15738, 9, 'farmer_crop_10_declined', 'Crop Request Updated', 'Papaya | 45 kg | Declined', 'crop_requests', 0, 10, 'farmercroprequests', '2025-12-16 14:27:44', NULL, '2026-04-16 10:10:52'),
(15739, 9, 'farmer_crop_9_completed', 'Crop Request Updated', 'BeetRoot | 50 kg | Completed', 'crop_requests', 0, 9, 'farmercroprequests', '2025-12-16 13:42:40', NULL, '2026-04-16 10:10:52'),
(15740, 9, 'farmer_delivery_10_pending', 'Delivery Update', 'Delivery #10 for Order #48 | Pending', 'deliveries', 0, 10, 'farmerdeliveries', '2026-04-16 10:05:27', NULL, '2026-04-16 10:10:52'),
(15741, 9, 'farmer_delivery_7_pending', 'Delivery Update', 'Delivery #7 for Order #45 | Pending', 'deliveries', 0, 7, 'farmerdeliveries', '2026-04-16 08:37:06', NULL, '2026-04-16 10:10:52'),
(15742, 9, 'farmer_delivery_5_in_transit', 'Delivery Update', 'Delivery #5 for Order #43 | In Transit', 'deliveries', 0, 5, 'farmerdeliveries', '2026-04-04 19:07:09', NULL, '2026-04-16 10:10:52'),
(15743, 9, 'farmer_delivery_2_delivered', 'Delivery Update', 'Delivery #2 for Order #39 | Delivered', 'deliveries', 0, 2, 'farmerdeliveries', '2026-04-04 01:40:11', NULL, '2026-04-16 10:10:52'),
(15744, 9, 'farmer_review_4', 'New Review Received', 'Yomal Chandima gave 2-star review for Pumpkin', 'reviews', 0, 4, 'farmerreviews', '2026-04-04 00:39:26', NULL, '2026-04-16 10:10:52'),
(15745, 9, 'farmer_system_profile', 'Keep Profile Updated', 'Ensure profile and payout details are up to date to avoid payout delays.', 'system', 0, NULL, 'farmerprofile', '2026-04-15 06:40:52', NULL, '2026-04-16 10:10:52'),
(15746, 9, 'farmer_system_shipping', 'System Update', 'Delivery status and earnings views were improved for better tracking.', 'system', 0, NULL, 'farmerdashboard', '2026-04-13 06:40:52', NULL, '2026-04-16 10:10:52'),
(17125, 23, 'farmer_order_46_pending', 'New Order Received', 'Order #46 | Pending | Your earning: Rs. 3,000.00', 'orders', 0, 46, 'farmerorders', '2026-04-16 09:27:45', NULL, '2026-04-16 11:06:33'),
(17127, 23, 'farmer_order_42_pending', 'New Order Received', 'Order #42 | Pending | Your earning: Rs. 450.00', 'orders', 0, 42, 'farmerorders', '2026-04-04 05:16:44', NULL, '2026-04-16 11:06:33'),
(17128, 23, 'farmer_order_40_shipped', 'Order Status Updated', 'Order #40 | Shipped | Your earning: Rs. 3,800.00', 'orders', 0, 40, 'farmerorders', '2026-04-16 07:48:19', NULL, '2026-04-16 11:06:33'),
(17129, 23, 'farmer_order_41_shipped', 'Order Status Updated', 'Order #41 | Shipped | Your earning: Rs. 2,375.00', 'orders', 0, 41, 'farmerorders', '2026-04-16 07:48:19', NULL, '2026-04-16 11:06:33'),
(17130, 23, 'farmer_crop_13_declined', 'Crop Request Updated', 'Banana | 56 kg | Declined', 'crop_requests', 0, 13, 'farmercroprequests', '2026-01-21 09:31:05', NULL, '2026-04-16 11:06:33'),
(17131, 23, 'farmer_crop_11_accepted', 'Crop Request Updated', 'Mango | 56 kg | Accepted', 'crop_requests', 0, 11, 'farmercroprequests', '2025-12-17 04:38:21', NULL, '2026-04-16 11:06:33'),
(17132, 23, 'farmer_crop_10_declined', 'Crop Request Updated', 'Papaya | 45 kg | Declined', 'crop_requests', 0, 10, 'farmercroprequests', '2025-12-16 14:27:44', NULL, '2026-04-16 11:06:33'),
(17133, 23, 'farmer_crop_9_completed', 'Crop Request Updated', 'BeetRoot | 50 kg | Completed', 'crop_requests', 0, 9, 'farmercroprequests', '2025-12-16 13:42:40', NULL, '2026-04-16 11:06:33'),
(17134, 23, 'farmer_delivery_9_pending', 'Delivery Update', 'Delivery #9 for Order #47 | Pending', 'deliveries', 0, 9, 'farmerdeliveries', '2026-04-16 09:42:05', NULL, '2026-04-16 11:06:33'),
(17135, 23, 'farmer_delivery_8_pending', 'Delivery Update', 'Delivery #8 for Order #46 | Pending', 'deliveries', 0, 8, 'farmerdeliveries', '2026-04-16 09:17:52', NULL, '2026-04-16 11:06:33'),
(17136, 23, 'farmer_delivery_6_in_transit', 'Delivery Update', 'Delivery #6 for Order #44 | In Transit', 'deliveries', 0, 6, 'farmerdeliveries', '2026-04-12 18:06:35', NULL, '2026-04-16 11:06:33'),
(17137, 23, 'farmer_delivery_4_pending', 'Delivery Update', 'Delivery #4 for Order #42 | Pending', 'deliveries', 0, 4, 'farmerdeliveries', '2026-04-04 01:45:07', NULL, '2026-04-16 11:06:33'),
(17138, 23, 'farmer_delivery_3_in_transit', 'Delivery Update', 'Delivery #3 for Order #40 | In Transit', 'deliveries', 0, 3, 'farmerdeliveries', '2026-04-04 00:39:26', NULL, '2026-04-16 11:06:33'),
(17139, 23, 'farmer_review_6', 'New Review Received', 'Yomal Chandima gave 4-star review for Pumpkin', 'reviews', 0, 6, 'farmerreviews', '2026-04-04 01:33:53', NULL, '2026-04-16 11:06:33'),
(17140, 23, 'farmer_review_5', 'New Review Received', 'yomal gave 4-star review for Pumpkin', 'reviews', 0, 5, 'farmerreviews', '2026-04-04 00:39:26', NULL, '2026-04-16 11:06:33'),
(17141, 23, 'farmer_system_profile', 'Keep Profile Updated', 'Ensure profile and payout details are up to date to avoid payout delays.', 'system', 0, NULL, 'farmerprofile', '2026-04-15 07:36:33', NULL, '2026-04-16 11:06:33'),
(17142, 23, 'farmer_system_shipping', 'System Update', 'Delivery status and earnings views were improved for better tracking.', 'system', 0, NULL, 'farmerdashboard', '2026-04-13 07:36:33', NULL, '2026-04-16 11:06:33'),
(22591, 28, 'transporter_delivery_8_accepted', 'Delivery Assigned', 'Order #46 | Accepted | Payment: Rs. 1,200.00', 'deliveries', 0, 8, 'transporterdashboard?section=mydeliveries', '2026-04-17 04:48:57', NULL, '2026-04-17 05:04:27'),
(22626, 11, 'tracking_49_pending', 'Delivery Tracking Update', 'Order #ORD-49 | Pending | Transporter: Pending Assignment', 'tracking', 0, 49, 'buyertracking?order_id=49', '2026-04-17 05:04:29', NULL, '2026-04-17 05:04:40'),
(22639, 11, 'order_update_49_pending_payment', 'Order Status Updated', 'Order #ORD-49 | Pending Payment | Total: Rs. 1,074.40', 'order_updates', 0, 49, 'buyerorders', '2026-04-17 05:04:29', NULL, '2026-04-17 05:04:40'),
(22673, 28, 'transporter_delivery_11_accepted', 'Delivery Assigned', 'Order #49 | Accepted | Payment: Rs. 974.40', 'deliveries', 0, 11, 'transporterdashboard?section=mydeliveries', '2026-04-17 05:04:54', NULL, '2026-04-17 05:39:26'),
(22750, 23, 'farmer_order_49_processing', 'Order Status Updated', 'Order #49 | Processing | Your earning: Rs. 100.00', 'orders', 0, 49, 'farmerorders', '2026-04-17 05:04:54', NULL, '2026-04-17 05:39:54'),
(22752, 23, 'farmer_order_46_processing', 'Order Status Updated', 'Order #46 | Processing | Your earning: Rs. 3,000.00', 'orders', 0, 46, 'farmerorders', '2026-04-17 04:48:57', NULL, '2026-04-17 05:39:54'),
(22761, 23, 'farmer_delivery_11_accepted', 'Delivery Accepted', 'Delivery #11 for Order #49 | Accepted', 'deliveries', 0, 11, 'farmerdeliveries', '2026-04-17 05:04:54', NULL, '2026-04-17 05:39:54'),
(22763, 23, 'farmer_delivery_8_accepted', 'Delivery Accepted', 'Delivery #8 for Order #46 | Accepted', 'deliveries', 0, 8, 'farmerdeliveries', '2026-04-17 04:48:57', NULL, '2026-04-17 05:39:54'),
(23028, 11, 'tracking_49_accepted', 'Delivery Tracking Update', 'Order #ORD-49 | Accepted | Transporter: Kal Transporter', 'tracking', 0, 49, 'buyertracking?order_id=49', '2026-04-17 05:04:54', NULL, '2026-04-17 05:40:18'),
(23041, 11, 'order_update_49_processing', 'Order Processing', 'Order #ORD-49 | Processing | Total: Rs. 1,074.40', 'order_updates', 0, 49, 'buyerorders', '2026-04-17 05:04:54', NULL, '2026-04-17 05:40:18'),
(25850, 24, 'tracking_46_accepted', 'Delivery Tracking Update', 'Order #ORD-46 | Accepted | Transporter: Kal Transporter', 'tracking', 0, 46, 'buyertracking?order_id=46', '2026-04-17 04:48:57', NULL, '2026-04-17 07:49:01'),
(25852, 24, 'order_update_46_processing', 'Order Processing', 'Order #ORD-46 | Processing | Total: Rs. 4,200.00', 'order_updates', 0, 46, 'buyerorders', '2026-04-17 04:48:57', NULL, '2026-04-17 07:49:01'),
(27139, 28, 'transporter_system_vehicles_28', 'Add Your First Vehicle', 'Add at least one vehicle to start accepting delivery requests.', 'system', 0, NULL, 'transporterdashboard?section=vehicle', '2026-04-17 15:02:38', NULL, '2026-04-17 18:32:38'),
(28489, 28, 'transporter_delivery_11_in_transit', 'Delivery In Transit', 'Order #49 | In Transit | Payment: Rs. 974.40', 'deliveries', 0, 11, 'transporterdashboard?section=mydeliveries', '2026-04-18 09:28:05', NULL, '2026-04-18 09:28:13'),
(28524, 11, 'tracking_49_in_transit', 'Delivery Tracking Update', 'Order #ORD-49 | In Transit | Transporter: Kal Transporter', 'tracking', 0, 49, 'buyertracking?order_id=49', '2026-04-18 09:28:05', NULL, '2026-04-18 09:28:30'),
(28534, 11, 'order_update_49_shipped', 'Order Shipped', 'Order #ORD-49 | Shipped | Total: Rs. 1,074.40', 'order_updates', 0, 49, 'buyerorders', '2026-04-18 09:28:05', NULL, '2026-04-18 09:28:30'),
(28582, 23, 'farmer_order_49_shipped', 'Order Status Updated', 'Order #49 | Shipped | Your earning: Rs. 100.00', 'orders', 0, 49, 'farmerorders', '2026-04-18 09:28:05', NULL, '2026-04-18 09:29:03'),
(28591, 23, 'farmer_delivery_11_in_transit', 'Delivery Update', 'Delivery #11 for Order #49 | In Transit', 'deliveries', 0, 11, 'farmerdeliveries', '2026-04-18 09:28:05', NULL, '2026-04-18 09:29:03'),
(28617, 23, 'farmer_order_46_shipped', 'Order Status Updated', 'Order #46 | Shipped | Your earning: Rs. 3,000.00', 'orders', 0, 46, 'farmerorders', '2026-04-18 09:29:10', NULL, '2026-04-18 09:29:12'),
(28699, 23, 'farmer_order_42_confirmed', 'Order Status Updated', 'Order #42 | Confirmed | Your earning: Rs. 450.00', 'orders', 0, 42, 'farmerorders', '2026-04-18 09:31:22', NULL, '2026-04-18 09:31:23'),
(28761, 11, 'order_update_42_confirmed', 'Order Confirmed', 'Order #ORD-42 | Confirmed | Total: Rs. 1,473.75', 'order_updates', 0, 42, 'buyerorders', '2026-04-18 09:31:22', NULL, '2026-04-18 09:32:11'),
(28833, 11, 'tracking_50_pending', 'Delivery Tracking Update', 'Order #ORD-50 | Pending | Transporter: Pending Assignment', 'tracking', 0, 50, 'buyertracking?order_id=50', '2026-04-18 09:32:21', NULL, '2026-04-18 09:32:21'),
(28844, 11, 'order_update_50_pending_payment', 'Order Status Updated', 'Order #ORD-50 | Pending Payment | Total: Rs. 295.98', 'order_updates', 0, 50, 'buyerorders', '2026-04-18 09:32:21', NULL, '2026-04-18 09:32:21'),
(28867, 11, 'order_update_50_pending', 'Order Placed', 'Order #ORD-50 | Pending | Total: Rs. 295.98', 'order_updates', 0, 50, 'buyerorders', '2026-04-18 09:33:09', NULL, '2026-04-18 09:33:09'),
(29063, 9, 'farmer_order_50_pending', 'New Order Received', 'Order #50 | Pending | Your earning: Rs. 57.98', 'orders', 0, 50, 'farmerorders', '2026-04-18 09:33:09', NULL, '2026-04-18 09:35:38'),
(29070, 9, 'farmer_delivery_12_pending', 'Delivery Update', 'Delivery #12 for Order #50 | Pending', 'deliveries', 0, 12, 'farmerdeliveries', '2026-04-18 09:32:21', NULL, '2026-04-18 09:35:38'),
(29089, 9, 'farmer_order_50_confirmed', 'Order Status Updated', 'Order #50 | Confirmed | Your earning: Rs. 57.98', 'orders', 0, 50, 'farmerorders', '2026-04-18 09:35:51', NULL, '2026-04-18 09:35:52'),
(29114, 28, 'transporter_delivery_12_accepted', 'Delivery Assigned', 'Order #50 | Accepted | Payment: Rs. 238.00', 'deliveries', 0, 12, 'transporterdashboard?section=mydeliveries', '2026-04-18 09:36:06', NULL, '2026-04-18 09:36:08'),
(29326, 28, 'transporter_delivery_11_delivered', 'Delivery Completed', 'Order #49 | Delivered | Payment: Rs. 974.40', 'deliveries', 0, 11, 'transporterdashboard?section=mydeliveries', '2026-04-18 09:46:05', NULL, '2026-04-18 09:46:07'),
(29353, 41, 'farmer_crop_13_declined', 'Crop Request Updated', 'Banana | 56 kg | Declined', 'crop_requests', 0, 13, 'farmercroprequests', '2026-01-21 09:31:05', NULL, '2026-04-18 10:19:45'),
(29354, 41, 'farmer_crop_11_accepted', 'Crop Request Updated', 'Mango | 56 kg | Accepted', 'crop_requests', 0, 11, 'farmercroprequests', '2025-12-17 04:38:21', NULL, '2026-04-18 10:19:45'),
(29355, 41, 'farmer_crop_10_declined', 'Crop Request Updated', 'Papaya | 45 kg | Declined', 'crop_requests', 0, 10, 'farmercroprequests', '2025-12-16 14:27:44', NULL, '2026-04-18 10:19:45'),
(29356, 41, 'farmer_crop_9_completed', 'Crop Request Updated', 'BeetRoot | 50 kg | Completed', 'crop_requests', 0, 9, 'farmercroprequests', '2025-12-16 13:42:40', NULL, '2026-04-18 10:19:45'),
(29357, 41, 'farmer_system_profile', 'Keep Profile Updated', 'Ensure profile and payout details are up to date to avoid payout delays.', 'system', 0, NULL, 'farmerprofile', '2026-04-17 06:49:45', NULL, '2026-04-18 10:19:45'),
(29358, 41, 'farmer_system_shipping', 'System Update', 'Delivery status and earnings views were improved for better tracking.', 'system', 0, NULL, 'farmerdashboard', '2026-04-15 06:49:45', NULL, '2026-04-18 10:19:45'),
(29359, 9, 'farmer_order_50_processing', 'Order Status Updated', 'Order #50 | Processing | Your earning: Rs. 57.98', 'orders', 0, 50, 'farmerorders', '2026-04-18 09:36:06', NULL, '2026-04-18 10:19:58'),
(29366, 9, 'farmer_delivery_12_accepted', 'Delivery Accepted', 'Delivery #12 for Order #50 | Accepted', 'deliveries', 0, 12, 'farmerdeliveries', '2026-04-18 09:36:06', NULL, '2026-04-18 10:19:58'),
(29533, 11, 'tracking_50_accepted', 'Delivery Tracking Update', 'Order #ORD-50 | Accepted | Transporter: Kal Transporter', 'tracking', 0, 50, 'buyertracking?order_id=50', '2026-04-18 09:36:06', NULL, '2026-04-18 11:11:52'),
(29534, 11, 'tracking_49_delivered', 'Delivery Tracking Update', 'Order #ORD-49 | Delivered | Transporter: Kal Transporter', 'tracking', 0, 49, 'buyertracking?order_id=49', '2026-04-18 09:46:05', NULL, '2026-04-18 11:11:52'),
(29544, 11, 'order_update_50_processing', 'Order Processing', 'Order #ORD-50 | Processing | Total: Rs. 295.98', 'order_updates', 0, 50, 'buyerorders', '2026-04-18 09:36:06', NULL, '2026-04-18 11:11:52'),
(29545, 11, 'order_update_49_delivered', 'Order Delivered', 'Order #ORD-49 | Delivered | Total: Rs. 1,074.40', 'order_updates', 0, 49, 'buyerorders', '2026-04-18 09:46:05', NULL, '2026-04-18 11:11:52'),
(29689, 42, 'new_product_50', 'New Product Listed', 'Banana by Sewni Jayawardana | Rs. 57.98/kg', 'new_products', 0, 50, 'buyerproducts', '2026-04-09 06:40:14', NULL, '2026-04-18 11:14:09'),
(29690, 42, 'new_product_49', 'New Product Listed', 'Banana by vonara | Rs. 100.00/kg', 'new_products', 0, 49, 'buyerproducts', '2026-04-04 05:13:09', NULL, '2026-04-18 11:14:09'),
(29691, 42, 'new_product_45', 'New Product Listed', 'Pumpkin by Sewni Jayawardana | Rs. 130.00/kg', 'new_products', 0, 45, 'buyerproducts', '2026-04-04 00:39:26', NULL, '2026-04-18 11:14:09'),
(29692, 42, 'new_product_47', 'New Product Listed', 'Pumpkin by vonara | Rs. 95.00/kg', 'new_products', 0, 47, 'buyerproducts', '2026-04-04 00:39:26', NULL, '2026-04-18 11:14:09'),
(29693, 42, 'new_product_44', 'New Product Listed', 'Orange by vonara | Rs. 45.00/kg', 'new_products', 0, 44, 'buyerproducts', '2026-02-09 17:13:40', NULL, '2026-04-18 11:14:09'),
(29694, 42, 'system_profile_incomplete_42', 'Complete Delivery Profile', 'Please add phone, street address, ... in your profile to avoid checkout and delivery issues.', 'system', 0, NULL, 'buyerprofile', '2026-04-18 07:44:09', NULL, '2026-04-18 11:14:09'),
(29695, 42, 'system_no_orders_42', 'No Orders Yet', 'Place your first order to start receiving delivery and order update notifications.', 'system', 0, NULL, 'buyerproducts', '2026-04-18 07:44:09', NULL, '2026-04-18 11:14:09'),
(29794, 43, 'farmer_crop_13_declined', 'Crop Request Updated', 'Banana | 56 kg | Declined', 'crop_requests', 0, 13, 'farmercroprequests', '2026-01-21 09:31:05', NULL, '2026-04-18 11:51:33'),
(29795, 43, 'farmer_crop_11_accepted', 'Crop Request Updated', 'Mango | 56 kg | Accepted', 'crop_requests', 0, 11, 'farmercroprequests', '2025-12-17 04:38:21', NULL, '2026-04-18 11:51:33'),
(29796, 43, 'farmer_crop_10_declined', 'Crop Request Updated', 'Papaya | 45 kg | Declined', 'crop_requests', 0, 10, 'farmercroprequests', '2025-12-16 14:27:44', NULL, '2026-04-18 11:51:33'),
(29797, 43, 'farmer_crop_9_completed', 'Crop Request Updated', 'BeetRoot | 50 kg | Completed', 'crop_requests', 0, 9, 'farmercroprequests', '2025-12-16 13:42:40', NULL, '2026-04-18 11:51:33'),
(29798, 43, 'farmer_system_profile', 'Keep Profile Updated', 'Ensure profile and payout details are up to date to avoid payout delays.', 'system', 0, NULL, 'farmerprofile', '2026-04-17 08:21:33', NULL, '2026-04-18 11:51:33'),
(29799, 43, 'farmer_system_shipping', 'System Update', 'Delivery status and earnings views were improved for better tracking.', 'system', 0, NULL, 'farmerdashboard', '2026-04-15 08:21:33', NULL, '2026-04-18 11:51:33'),
(29800, 44, 'farmer_crop_13_declined', 'Crop Request Updated', 'Banana | 56 kg | Declined', 'crop_requests', 0, 13, 'farmercroprequests', '2026-01-21 09:31:05', NULL, '2026-04-18 11:56:03'),
(29801, 44, 'farmer_crop_11_accepted', 'Crop Request Updated', 'Mango | 56 kg | Accepted', 'crop_requests', 0, 11, 'farmercroprequests', '2025-12-17 04:38:21', NULL, '2026-04-18 11:56:03'),
(29802, 44, 'farmer_crop_10_declined', 'Crop Request Updated', 'Papaya | 45 kg | Declined', 'crop_requests', 0, 10, 'farmercroprequests', '2025-12-16 14:27:44', NULL, '2026-04-18 11:56:03'),
(29803, 44, 'farmer_crop_9_completed', 'Crop Request Updated', 'BeetRoot | 50 kg | Completed', 'crop_requests', 0, 9, 'farmercroprequests', '2025-12-16 13:42:40', NULL, '2026-04-18 11:56:03'),
(29804, 44, 'farmer_system_profile', 'Keep Profile Updated', 'Ensure profile and payout details are up to date to avoid payout delays.', 'system', 0, NULL, 'farmerprofile', '2026-04-17 08:26:03', NULL, '2026-04-18 11:56:03'),
(29805, 44, 'farmer_system_shipping', 'System Update', 'Delivery status and earnings views were improved for better tracking.', 'system', 0, NULL, 'farmerdashboard', '2026-04-15 08:26:03', NULL, '2026-04-18 11:56:03');

-- --------------------------------------------------------

--
-- Table structure for table `notification_settings`
--

CREATE TABLE `notification_settings` (
  `id` int(11) NOT NULL,
  `user_id` int(11) NOT NULL,
  `settings_json` longtext NOT NULL,
  `created_at` timestamp NOT NULL DEFAULT current_timestamp(),
  `updated_at` timestamp NOT NULL DEFAULT current_timestamp() ON UPDATE current_timestamp()
) ENGINE=InnoDB DEFAULT CHARSET=utf8mb4 COLLATE=utf8mb4_unicode_ci;

--
-- Dumping data for table `notification_settings`
--

INSERT INTO `notification_settings` (`id`, `user_id`, `settings_json`, `created_at`, `updated_at`) VALUES
(1, 11, '{\"new_products\":true,\"tracking\":true,\"review_replies\":true,\"request_replies\":false,\"order_updates\":true,\"system\":true,\"email_notifications\":false}', '2026-04-16 05:26:24', '2026-04-16 06:20:41'),
(3, 28, '{\"deliveries\":true,\"reviews\":true,\"system\":true,\"email_notifications\":false}', '2026-04-16 06:01:42', '2026-04-16 06:20:42');

-- --------------------------------------------------------

--
-- Table structure for table `orders`
--

CREATE TABLE `orders` (
  `id` int(11) NOT NULL,
  `buyer_id` int(11) NOT NULL,
  `total_amount` decimal(10,2) NOT NULL COMMENT 'Product total before shipping',
  `shipping_cost` decimal(10,2) NOT NULL DEFAULT 0.00,
  `order_total` decimal(10,2) NOT NULL COMMENT 'Total including shipping',
  `payment_status` enum('pending','paid','failed') NOT NULL DEFAULT 'pending',
  `total_weight_kg` decimal(10,2) NOT NULL DEFAULT 0.00 COMMENT 'Total weight of all items in kg',
  `delivery_address` text NOT NULL,
  `delivery_city` varchar(100) NOT NULL,
  `delivery_district_id` int(11) DEFAULT NULL,
  `delivery_town_id` int(11) DEFAULT NULL,
  `delivery_phone` varchar(20) NOT NULL,
  `status` enum('pending_payment','pending','confirmed','processing','shipped','delivered','cancelled') DEFAULT 'pending_payment',
  `created_at` timestamp NOT NULL DEFAULT current_timestamp(),
  `updated_at` timestamp NOT NULL DEFAULT current_timestamp() ON UPDATE current_timestamp()
) ENGINE=InnoDB DEFAULT CHARSET=utf8mb4 COLLATE=utf8mb4_unicode_ci;

--
-- Dumping data for table `orders`
--

INSERT INTO `orders` (`id`, `buyer_id`, `total_amount`, `shipping_cost`, `order_total`, `payment_status`, `total_weight_kg`, `delivery_address`, `delivery_city`, `delivery_district_id`, `delivery_town_id`, `delivery_phone`, `status`, `created_at`, `updated_at`) VALUES
(39, 11, 3600.00, 480.00, 4080.00, 'paid', 30.00, 'No 12, Matale Road', 'Matale', 5, 18, '0711111111', 'delivered', '2026-04-04 00:39:26', '2026-04-16 07:48:19'),
(40, 24, 3800.00, 620.00, 4420.00, 'paid', 40.00, 'No 05, Market Street', 'Matale', 5, 18, '0722222222', 'shipped', '2026-04-04 00:39:26', '2026-04-16 07:48:19'),
(41, 11, 2375.00, 350.00, 2725.00, 'paid', 25.00, 'No 12, Matale Road', 'Matale', 5, 18, '0711111111', 'shipped', '2026-04-04 00:39:26', '2026-04-16 07:48:19'),
(42, 11, 450.00, 1023.75, 1473.75, 'pending', 0.00, '35/445, Lake Road', 'Matale', 5, 18, '0702242499', 'confirmed', '2026-04-04 01:45:07', '2026-04-18 09:31:22'),
(43, 11, 3900.00, 522.90, 4422.90, 'paid', 0.00, '35/445, Lake Road', 'Matale', 5, 18, '0702242499', 'shipped', '2026-04-04 01:45:39', '2026-04-16 07:48:19'),
(46, 24, 3000.00, 1200.00, 4200.00, 'paid', 0.00, '26', 'Wadduwa', 3, NULL, '0778103265', 'shipped', '2026-04-16 09:17:52', '2026-04-18 09:29:10'),
(49, 11, 100.00, 974.40, 1074.40, 'paid', 1.60, 'No 1 Main St', 'Colombo', 1, 1, '0771234567', 'delivered', '2026-04-17 05:04:29', '2026-04-18 09:46:05'),
(50, 11, 57.98, 238.00, 295.98, 'paid', 1.60, '26, No 1 Main St', 'Wadduwa', 3, 34, '0771234567', 'processing', '2026-04-18 09:32:21', '2026-04-18 09:36:06');

-- --------------------------------------------------------

--
-- Table structure for table `order_items`
--

CREATE TABLE `order_items` (
  `id` int(11) NOT NULL,
  `order_id` int(11) NOT NULL,
  `product_id` int(11) NOT NULL,
  `product_name` varchar(255) NOT NULL,
  `product_price` decimal(10,2) NOT NULL,
  `quantity` int(11) NOT NULL,
  `item_weight_kg` decimal(10,2) NOT NULL DEFAULT 0.00 COMMENT 'Total weight of items in kg',
  `farmer_id` int(11) NOT NULL,
  `created_at` timestamp NOT NULL DEFAULT current_timestamp()
) ENGINE=InnoDB DEFAULT CHARSET=utf8mb4 COLLATE=utf8mb4_unicode_ci;

--
-- Dumping data for table `order_items`
--

INSERT INTO `order_items` (`id`, `order_id`, `product_id`, `product_name`, `product_price`, `quantity`, `item_weight_kg`, `farmer_id`, `created_at`) VALUES
(32, 39, 45, 'Pumpkin', 120.00, 30, 30.00, 9, '2026-04-04 00:39:26'),
(33, 40, 47, 'Carrot', 95.00, 40, 40.00, 23, '2026-04-04 00:39:26'),
(34, 41, 47, 'Carrot', 95.00, 25, 25.00, 23, '2026-04-04 00:39:26'),
(35, 42, 44, 'Orange', 45.00, 10, 15.00, 23, '2026-04-04 01:45:07'),
(36, 43, 45, 'Pumpkin', 130.00, 30, 66.00, 9, '2026-04-04 01:45:39'),
(39, 46, 49, 'Banana', 100.00, 30, 48.00, 23, '2026-04-16 09:17:52'),
(42, 49, 49, 'Banana', 100.00, 1, 1.60, 23, '2026-04-17 05:04:29'),
(43, 50, 50, 'Banana', 57.98, 1, 1.60, 9, '2026-04-18 09:32:21');

-- --------------------------------------------------------

--
-- Table structure for table `payout_accounts`
--

CREATE TABLE `payout_accounts` (
  `id` int(11) NOT NULL,
  `user_id` int(11) NOT NULL,
  `account_holder_name` varchar(120) NOT NULL,
  `bank_name` varchar(120) NOT NULL,
  `branch_name` varchar(120) DEFAULT NULL,
  `account_number` varchar(30) NOT NULL,
  `is_default` tinyint(1) NOT NULL DEFAULT 0,
  `is_verified` tinyint(1) NOT NULL DEFAULT 0,
  `created_at` timestamp NOT NULL DEFAULT current_timestamp(),
  `updated_at` timestamp NOT NULL DEFAULT current_timestamp() ON UPDATE current_timestamp()
) ENGINE=InnoDB DEFAULT CHARSET=utf8mb4 COLLATE=utf8mb4_unicode_ci;

--
-- Dumping data for table `payout_accounts`
--

INSERT INTO `payout_accounts` (`id`, `user_id`, `account_holder_name`, `bank_name`, `branch_name`, `account_number`, `is_default`, `is_verified`, `created_at`, `updated_at`) VALUES
(1, 9, 'Farmer Test', 'Bank Two', 'wadduwa', '22334455', 1, 0, '2026-04-16 06:01:42', '2026-04-16 06:23:47'),
(2, 28, 'Transporter Test', 'Bank One', 'Main', '12345678', 1, 0, '2026-04-16 06:01:43', '2026-04-16 06:20:42');

-- --------------------------------------------------------

--
-- Table structure for table `platform_config`
--

CREATE TABLE `platform_config` (
  `id` int(11) NOT NULL,
  `config_key` varchar(100) NOT NULL,
  `config_value` varchar(255) NOT NULL,
  `description` text DEFAULT NULL,
  `updated_at` timestamp NOT NULL DEFAULT current_timestamp() ON UPDATE current_timestamp()
) ENGINE=InnoDB DEFAULT CHARSET=utf8mb4 COLLATE=utf8mb4_general_ci;

--
-- Dumping data for table `platform_config`
--

INSERT INTO `platform_config` (`id`, `config_key`, `config_value`, `description`, `updated_at`) VALUES
(1, 'platform_fee_percentage', '5', 'Platform service fee as percentage of shipping cost', '2026-01-24 14:37:37'),
(2, 'platform_fee_min_lkr', '20', 'Minimum platform fee in LKR', '2026-01-24 14:37:37'),
(3, 'platform_fee_max_lkr', '150', 'Maximum platform fee in LKR', '2026-01-24 14:37:37'),
(4, 'transporter_earning_percentage', '85', 'Percentage of shipping cost paid to transporter', '2026-01-24 14:37:37'),
(5, 'vehicle_size_multiplier_max', '2', 'Maximum vehicle capacity vs effective weight ratio', '2026-01-24 14:37:37'),
(6, 'default_crop_volume_factor', '1.0', 'Default volume factor if crop not found', '2026-01-24 14:37:37');

-- --------------------------------------------------------

--
-- Table structure for table `products`
--

CREATE TABLE `products` (
  `id` int(11) NOT NULL,
  `farmer_id` int(11) NOT NULL,
  `name` varchar(255) NOT NULL,
  `product_master_id` int(11) DEFAULT NULL,
  `price` decimal(10,2) NOT NULL,
  `quantity` int(11) NOT NULL,
  `description` text DEFAULT NULL,
  `district_id` int(11) DEFAULT NULL,
  `town_id` int(11) DEFAULT NULL,
  `image` varchar(255) DEFAULT NULL,
  `location` varchar(100) DEFAULT NULL,
  `category` varchar(50) NOT NULL DEFAULT 'other',
  `listing_date` date NOT NULL DEFAULT curdate(),
  `created_at` timestamp NOT NULL DEFAULT current_timestamp(),
  `updated_at` timestamp NOT NULL DEFAULT current_timestamp() ON UPDATE current_timestamp()
) ENGINE=InnoDB DEFAULT CHARSET=utf8mb4 COLLATE=utf8mb4_unicode_ci;

--
-- Dumping data for table `products`
--

INSERT INTO `products` (`id`, `farmer_id`, `name`, `product_master_id`, `price`, `quantity`, `description`, `district_id`, `town_id`, `image`, `location`, `category`, `listing_date`, `created_at`, `updated_at`) VALUES
(43, 9, 'Brinjal', 9, 55.00, 0, '', 7, 26, 'product_698a14de26752.jpg', 'Ambalangoda, Galle', 'Vegetables', '2026-02-09', '2026-02-09 17:09:50', '2026-04-03 23:33:42'),
(44, 23, 'Orange', 33, 45.00, 26, '', 1, 2, 'product_698a15c4bdbf0.jpg', 'kalutara', 'Fruits', '2026-02-09', '2026-02-09 17:13:40', '2026-04-04 01:45:07'),
(45, 9, 'Pumpkin', NULL, 130.00, 20, '', 3, NULL, 'product_69d0a4643ddc0.jpeg', 'Kalutara', 'Vegetables', '2026-04-17', '2026-04-04 00:39:26', '2026-04-17 08:29:22'),
(47, 23, 'Pumpkin', NULL, 95.00, 55, '', 5, 18, 'product_69d09db5836c6.jpeg', 'Matale Town, Matale', 'Vegetables', '2026-04-04', '2026-04-04 00:39:26', '2026-04-16 10:56:13'),
(49, 23, 'Banana', 24, 100.00, 33, '', 7, 28, 'product_69d09de5dd62d.jpeg', 'Bentota, Galle', 'Fruits', '2026-04-04', '2026-04-04 05:13:09', '2026-04-17 05:04:29'),
(50, 9, 'Banana', 24, 57.98, 57, '', 1, 11, 'product_69d749ce69250.jpeg', 'Boralesgamuwa, Colombo', 'Fruits', '2026-04-19', '2026-04-09 06:40:14', '2026-04-18 10:41:09');

-- --------------------------------------------------------

--
-- Table structure for table `reviews`
--

CREATE TABLE `reviews` (
  `id` int(11) NOT NULL,
  `order_id` int(11) NOT NULL,
  `product_id` int(11) NOT NULL,
  `buyer_id` int(11) NOT NULL,
  `farmer_id` int(11) NOT NULL,
  `rating` tinyint(4) NOT NULL CHECK (`rating` >= 1 and `rating` <= 5),
  `comment` text NOT NULL,
  `reply` text DEFAULT NULL,
  `replied_at` timestamp NULL DEFAULT NULL,
  `status` enum('active','hidden','flagged') NOT NULL DEFAULT 'active',
  `created_at` timestamp NOT NULL DEFAULT current_timestamp(),
  `updated_at` timestamp NOT NULL DEFAULT current_timestamp() ON UPDATE current_timestamp()
) ENGINE=InnoDB DEFAULT CHARSET=utf8mb4 COLLATE=utf8mb4_unicode_ci;

--
-- Dumping data for table `reviews`
--

INSERT INTO `reviews` (`id`, `order_id`, `product_id`, `buyer_id`, `farmer_id`, `rating`, `comment`, `reply`, `replied_at`, `status`, `created_at`, `updated_at`) VALUES
(4, 39, 45, 11, 9, 2, 'Some produce arrived bruised. Need better packing.', 'sorry for the inconvenience', '2026-04-04 01:08:15', 'active', '2026-04-04 00:39:26', '2026-04-04 01:08:15'),
(5, 40, 47, 24, 23, 4, 'Good quality and fair pricing. Delivery in progress.', NULL, NULL, 'active', '2026-04-04 00:39:26', '2026-04-04 00:39:26'),
(6, 41, 47, 11, 23, 4, 'delivery is late', NULL, NULL, 'active', '2026-04-04 01:33:53', '2026-04-04 01:33:53'),
(7, 39, 45, 11, 28, 5, 'quick', NULL, NULL, 'active', '2026-04-04 02:08:05', '2026-04-04 02:08:05');

-- --------------------------------------------------------

--
-- Table structure for table `towns`
--

CREATE TABLE `towns` (
  `id` int(11) NOT NULL,
  `town_name` varchar(100) NOT NULL,
  `district_id` int(11) NOT NULL,
  `extra_distance_km` int(11) NOT NULL DEFAULT 0,
  `postal_code` varchar(10) DEFAULT NULL,
  `is_active` tinyint(1) DEFAULT 1,
  `created_at` timestamp NOT NULL DEFAULT current_timestamp(),
  `updated_at` timestamp NOT NULL DEFAULT current_timestamp() ON UPDATE current_timestamp()
) ENGINE=InnoDB DEFAULT CHARSET=utf8mb4 COLLATE=utf8mb4_general_ci;

--
-- Dumping data for table `towns`
--

INSERT INTO `towns` (`id`, `town_name`, `district_id`, `extra_distance_km`, `postal_code`, `is_active`, `created_at`, `updated_at`) VALUES
(1, 'Colombo Fort', 1, 0, '00100', 1, '2026-04-17 17:21:01', '2026-04-17 17:21:01'),
(2, 'Dehiwala', 1, 8, '10350', 1, '2026-04-17 17:21:01', '2026-04-17 17:21:01'),
(3, 'Maharagama', 1, 14, '10280', 1, '2026-04-17 17:21:01', '2026-04-17 17:21:01'),
(4, 'Kotte', 1, 7, '10100', 1, '2026-04-17 17:21:01', '2026-04-17 17:21:01'),
(5, 'Homagama', 1, 22, '10200', 1, '2026-04-17 17:21:01', '2026-04-17 17:21:01'),
(6, 'Kaduwela', 1, 18, '10640', 1, '2026-04-17 17:21:01', '2026-04-17 17:21:01'),
(7, 'Moratuwa', 1, 19, '10400', 1, '2026-04-17 17:21:01', '2026-04-17 17:21:01'),
(8, 'Nugegoda', 1, 10, '10250', 1, '2026-04-17 17:21:01', '2026-04-17 17:21:01'),
(9, 'Battaramulla', 1, 12, '10120', 1, '2026-04-17 17:21:01', '2026-04-17 17:21:01'),
(10, 'Mount Lavinia', 1, 11, '10370', 1, '2026-04-17 17:21:01', '2026-04-17 17:21:01'),
(11, 'Boralesgamuwa', 1, 16, '10290', 1, '2026-04-17 17:21:01', '2026-04-17 17:21:01'),
(12, 'Kolonnawa', 1, 13, '10600', 1, '2026-04-17 17:21:01', '2026-04-17 17:21:01'),
(13, 'Piliyandala', 1, 20, '10300', 1, '2026-04-17 17:21:01', '2026-04-17 17:21:01'),
(14, 'Kesbewa', 1, 17, '10550', 1, '2026-04-17 17:21:01', '2026-04-17 17:21:01'),
(15, 'Gampaha', 2, 0, '11000', 1, '2026-04-17 17:21:01', '2026-04-17 17:21:01'),
(16, 'Negombo', 2, 12, '11500', 1, '2026-04-17 17:21:01', '2026-04-17 17:21:01'),
(17, 'Ja-Ela', 2, 16, '11350', 1, '2026-04-17 17:21:01', '2026-04-17 17:21:01'),
(18, 'Kadawatha', 2, 10, '11850', 1, '2026-04-17 17:21:01', '2026-04-17 17:21:01'),
(19, 'Ragama', 2, 6, '11010', 1, '2026-04-17 17:21:01', '2026-04-17 17:21:01'),
(20, 'Wattala', 2, 14, '11300', 1, '2026-04-17 17:21:01', '2026-04-17 17:21:01'),
(21, 'Minuwangoda', 2, 20, '11550', 1, '2026-04-17 17:21:01', '2026-04-17 17:21:01'),
(22, 'Kiribathgoda', 2, 8, '11600', 1, '2026-04-17 17:21:01', '2026-04-17 17:21:01'),
(23, 'Divulapitiya', 2, 32, '11250', 1, '2026-04-17 17:21:01', '2026-04-17 17:21:01'),
(24, 'Kelaniya', 2, 9, '11600', 1, '2026-04-17 17:21:01', '2026-04-17 17:21:01'),
(25, 'Katunayake', 2, 18, '11450', 1, '2026-04-17 17:21:01', '2026-04-17 17:21:01'),
(26, 'Veyangoda', 2, 25, '11100', 1, '2026-04-17 17:21:01', '2026-04-17 17:21:01'),
(27, 'Kalutara', 3, 0, '12000', 1, '2026-04-17 17:21:01', '2026-04-17 17:21:01'),
(28, 'Panadura', 3, 10, '12500', 1, '2026-04-17 17:21:01', '2026-04-17 17:21:01'),
(29, 'Horana', 3, 28, '12400', 1, '2026-04-17 17:21:01', '2026-04-17 17:21:01'),
(30, 'Beruwala', 3, 18, '12070', 1, '2026-04-17 17:21:01', '2026-04-17 17:21:01'),
(31, 'Aluthgama', 3, 22, '12080', 1, '2026-04-17 17:21:01', '2026-04-17 17:21:01'),
(32, 'Matugama', 3, 15, '12100', 1, '2026-04-17 17:21:01', '2026-04-17 17:21:01'),
(33, 'Bandaragama', 3, 20, '12530', 1, '2026-04-17 17:21:01', '2026-04-17 17:21:01'),
(34, 'Wadduwa', 3, 12, '12560', 1, '2026-04-17 17:21:01', '2026-04-17 17:21:01'),
(35, 'Ingiriya', 3, 32, '12440', 1, '2026-04-17 17:21:01', '2026-04-17 17:21:01'),
(36, 'Bulathsinhala', 3, 35, '12300', 1, '2026-04-17 17:21:01', '2026-04-17 17:21:01'),
(37, 'Kandy Town', 4, 0, '20000', 1, '2026-04-17 17:21:01', '2026-04-17 17:21:01'),
(38, 'Peradeniya', 4, 8, '20400', 1, '2026-04-17 17:21:01', '2026-04-17 17:21:01'),
(39, 'Katugastota', 4, 6, '20800', 1, '2026-04-17 17:21:01', '2026-04-17 17:21:01'),
(40, 'Gampola', 4, 27, '20500', 1, '2026-04-17 17:21:01', '2026-04-17 17:21:01'),
(41, 'Nawalapitiya', 4, 42, '20650', 1, '2026-04-17 17:21:01', '2026-04-17 17:21:01'),
(42, 'Teldeniya', 4, 20, '20900', 1, '2026-04-17 17:21:01', '2026-04-17 17:21:01'),
(43, 'Kundasale', 4, 10, '20168', 1, '2026-04-17 17:21:01', '2026-04-17 17:21:01'),
(44, 'Akurana', 4, 14, '20850', 1, '2026-04-17 17:21:01', '2026-04-17 17:21:01'),
(45, 'Kadugannawa', 4, 18, '20300', 1, '2026-04-17 17:21:01', '2026-04-17 17:21:01'),
(46, 'Pilimatalawa', 4, 12, '20450', 1, '2026-04-17 17:21:01', '2026-04-17 17:21:01'),
(47, 'Wattegama', 4, 24, '20270', 1, '2026-04-17 17:21:01', '2026-04-17 17:21:01'),
(48, 'Deltota', 4, 30, '20660', 1, '2026-04-17 17:21:01', '2026-04-17 17:21:01'),
(49, 'Matale Town', 5, 0, '21000', 1, '2026-04-17 17:21:01', '2026-04-17 17:21:01'),
(50, 'Dambulla', 5, 28, '21100', 1, '2026-04-17 17:21:01', '2026-04-17 17:21:01'),
(51, 'Galewela', 5, 20, '21200', 1, '2026-04-17 17:21:01', '2026-04-17 17:21:01'),
(52, 'Ukuwela', 5, 12, '21300', 1, '2026-04-17 17:21:01', '2026-04-17 17:21:01'),
(53, 'Naula', 5, 28, '21600', 1, '2026-04-17 17:21:01', '2026-04-17 17:21:01'),
(54, 'Rattota', 5, 18, '21400', 1, '2026-04-17 17:21:01', '2026-04-17 17:21:01'),
(55, 'Pallepola', 5, 15, '21700', 1, '2026-04-17 17:21:01', '2026-04-17 17:21:01'),
(56, 'Yatawatta', 5, 25, '21500', 1, '2026-04-17 17:21:01', '2026-04-17 17:21:01'),
(57, 'Laggala', 5, 35, '21800', 1, '2026-04-17 17:21:01', '2026-04-17 17:21:01'),
(58, 'Nuwara Eliya', 6, 0, '22200', 1, '2026-04-17 17:21:01', '2026-04-17 17:21:01'),
(59, 'Hatton', 6, 32, '22000', 1, '2026-04-17 17:21:01', '2026-04-17 17:21:01'),
(60, 'Nanu Oya', 6, 8, '22150', 1, '2026-04-17 17:21:01', '2026-04-17 17:21:01'),
(61, 'Talawakelle', 6, 24, '22100', 1, '2026-04-17 17:21:01', '2026-04-17 17:21:01'),
(62, 'Ginigathena', 6, 28, '22270', 1, '2026-04-17 17:21:01', '2026-04-17 17:21:01'),
(63, 'Walapane', 6, 35, '22226', 1, '2026-04-17 17:21:01', '2026-04-17 17:21:01'),
(64, 'Kotmale', 6, 18, '22030', 1, '2026-04-17 17:21:01', '2026-04-17 17:21:01'),
(65, 'Bogawantalawa', 6, 40, '22010', 1, '2026-04-17 17:21:01', '2026-04-17 17:21:01'),
(66, 'Haputale', 6, 45, '22070', 1, '2026-04-17 17:21:01', '2026-04-17 17:21:01'),
(67, 'Galle Fort', 7, 0, '80000', 1, '2026-04-17 17:21:01', '2026-04-17 17:21:01'),
(68, 'Hikkaduwa', 7, 19, '80240', 1, '2026-04-17 17:21:01', '2026-04-17 17:21:01'),
(69, 'Ambalangoda', 7, 28, '80300', 1, '2026-04-17 17:21:01', '2026-04-17 17:21:01'),
(70, 'Elpitiya', 7, 24, '80400', 1, '2026-04-17 17:21:01', '2026-04-17 17:21:01'),
(71, 'Bentota', 7, 35, '80500', 1, '2026-04-17 17:21:01', '2026-04-17 17:21:01'),
(72, 'Baddegama', 7, 18, '80200', 1, '2026-04-17 17:21:01', '2026-04-17 17:21:01'),
(73, 'Balapitiya', 7, 32, '80550', 1, '2026-04-17 17:21:01', '2026-04-17 17:21:01'),
(74, 'Karapitiya', 7, 5, '80100', 1, '2026-04-17 17:21:01', '2026-04-17 17:21:01'),
(75, 'Habaraduwa', 7, 10, '80630', 1, '2026-04-17 17:21:01', '2026-04-17 17:21:01'),
(76, 'Ahangama', 7, 14, '80650', 1, '2026-04-17 17:21:01', '2026-04-17 17:21:01'),
(77, 'Matara', 8, 0, '81000', 1, '2026-04-17 17:21:01', '2026-04-17 17:21:01'),
(78, 'Weligama', 8, 20, '81700', 1, '2026-04-17 17:21:01', '2026-04-17 17:21:01'),
(79, 'Mirissa', 8, 25, '81740', 1, '2026-04-17 17:21:01', '2026-04-17 17:21:01'),
(80, 'Akuressa', 8, 28, '81400', 1, '2026-04-17 17:21:01', '2026-04-17 17:21:01'),
(81, 'Dikwella', 8, 32, '81200', 1, '2026-04-17 17:21:01', '2026-04-17 17:21:01'),
(82, 'Hakmana', 8, 35, '81300', 1, '2026-04-17 17:21:01', '2026-04-17 17:21:01'),
(83, 'Deniyaya', 8, 45, '81500', 1, '2026-04-17 17:21:01', '2026-04-17 17:21:01'),
(84, 'Devinuwara', 8, 15, '82100', 1, '2026-04-17 17:21:01', '2026-04-17 17:21:01'),
(85, 'Kamburupitiya', 8, 22, '81100', 1, '2026-04-17 17:21:01', '2026-04-17 17:21:01'),
(86, 'Hambantota', 9, 0, '82000', 1, '2026-04-17 17:21:01', '2026-04-17 17:21:01'),
(87, 'Tangalle', 9, 35, '82200', 1, '2026-04-17 17:21:01', '2026-04-17 17:21:01'),
(88, 'Tissamaharama', 9, 28, '82600', 1, '2026-04-17 17:21:01', '2026-04-17 17:21:01'),
(89, 'Ambalantota', 9, 18, '82100', 1, '2026-04-17 17:21:01', '2026-04-17 17:21:01'),
(90, 'Beliatta', 9, 22, '82400', 1, '2026-04-17 17:21:01', '2026-04-17 17:21:01'),
(91, 'Suriyawewa', 9, 15, '82020', 1, '2026-04-17 17:21:01', '2026-04-17 17:21:01'),
(92, 'Weeraketiya', 9, 25, '82500', 1, '2026-04-17 17:21:01', '2026-04-17 17:21:01'),
(93, 'Jaffna Town', 10, 0, '40000', 1, '2026-04-17 17:21:01', '2026-04-17 17:21:01'),
(94, 'Nallur', 10, 4, '40001', 1, '2026-04-17 17:21:01', '2026-04-17 17:21:01'),
(95, 'Chavakachcheri', 10, 18, '40300', 1, '2026-04-17 17:21:01', '2026-04-17 17:21:01'),
(96, 'Point Pedro', 10, 22, '40600', 1, '2026-04-17 17:21:01', '2026-04-17 17:21:01'),
(97, 'Karainagar', 10, 14, '40500', 1, '2026-04-17 17:21:01', '2026-04-17 17:21:01'),
(98, 'Kayts', 10, 16, '40700', 1, '2026-04-17 17:21:01', '2026-04-17 17:21:01'),
(99, 'Chankanai', 10, 12, '40150', 1, '2026-04-17 17:21:01', '2026-04-17 17:21:01'),
(100, 'Kopay', 10, 8, '40240', 1, '2026-04-17 17:21:01', '2026-04-17 17:21:01'),
(101, 'Tellipalai', 10, 10, '40300', 1, '2026-04-17 17:21:01', '2026-04-17 17:21:01'),
(102, 'Kilinochchi', 11, 0, '44000', 1, '2026-04-17 17:21:01', '2026-04-17 17:21:01'),
(103, 'Pallai', 11, 12, '44100', 1, '2026-04-17 17:21:01', '2026-04-17 17:21:01'),
(104, 'Poonakary', 11, 20, '44200', 1, '2026-04-17 17:21:01', '2026-04-17 17:21:01'),
(105, 'Karachchi', 11, 15, '44300', 1, '2026-04-17 17:21:01', '2026-04-17 17:21:01'),
(106, 'Mannar', 12, 0, '41000', 1, '2026-04-17 17:21:01', '2026-04-17 17:21:01'),
(107, 'Nanattan', 12, 15, '41200', 1, '2026-04-17 17:21:01', '2026-04-17 17:21:01'),
(108, 'Madhu', 12, 25, '41300', 1, '2026-04-17 17:21:01', '2026-04-17 17:21:01'),
(109, 'Murunkan', 12, 35, '41500', 1, '2026-04-17 17:21:01', '2026-04-17 17:21:01'),
(110, 'Vavuniya', 13, 0, '43000', 1, '2026-04-17 17:21:01', '2026-04-17 17:21:01'),
(111, 'Nedunkeni', 13, 18, '43200', 1, '2026-04-17 17:21:01', '2026-04-17 17:21:01'),
(112, 'Vengalacheddikulam', 13, 25, '43300', 1, '2026-04-17 17:21:01', '2026-04-17 17:21:01'),
(113, 'Omanthai', 13, 12, '43100', 1, '2026-04-17 17:21:01', '2026-04-17 17:21:01'),
(114, 'Mullaitivu', 14, 0, '42000', 1, '2026-04-17 17:21:01', '2026-04-17 17:21:01'),
(115, 'Puthukkudiyiruppu', 14, 20, '42100', 1, '2026-04-17 17:21:01', '2026-04-17 17:21:01'),
(116, 'Oddusuddan', 14, 25, '42200', 1, '2026-04-17 17:21:01', '2026-04-17 17:21:01'),
(117, 'Mankulam', 14, 30, '42300', 1, '2026-04-17 17:21:01', '2026-04-17 17:21:01'),
(118, 'Batticaloa', 15, 0, '30000', 1, '2026-04-17 17:21:01', '2026-04-17 17:21:01'),
(119, 'Kattankudy', 15, 8, '30100', 1, '2026-04-17 17:21:01', '2026-04-17 17:21:01'),
(120, 'Eravur', 15, 12, '30350', 1, '2026-04-17 17:21:01', '2026-04-17 17:21:01'),
(121, 'Kaluwanchikudy', 15, 15, '30200', 1, '2026-04-17 17:21:01', '2026-04-17 17:21:01'),
(122, 'Vakarai', 15, 35, '30450', 1, '2026-04-17 17:21:01', '2026-04-17 17:21:01'),
(123, 'Chenkalady', 15, 10, '30350', 1, '2026-04-17 17:21:01', '2026-04-17 17:21:01'),
(124, 'Ampara', 16, 0, '32000', 1, '2026-04-17 17:21:01', '2026-04-17 17:21:01'),
(125, 'Kalmunai', 16, 28, '32300', 1, '2026-04-17 17:21:01', '2026-04-17 17:21:01'),
(126, 'Sainthamaruthu', 16, 30, '32280', 1, '2026-04-17 17:21:01', '2026-04-17 17:21:01'),
(127, 'Akkaraipattu', 16, 22, '32400', 1, '2026-04-17 17:21:01', '2026-04-17 17:21:01'),
(128, 'Pottuvil', 16, 55, '32500', 1, '2026-04-17 17:21:01', '2026-04-17 17:21:01'),
(129, 'Sammanthurai', 16, 32, '32200', 1, '2026-04-17 17:21:01', '2026-04-17 17:21:01'),
(130, 'Uhana', 16, 25, '32100', 1, '2026-04-17 17:21:01', '2026-04-17 17:21:01'),
(131, 'Trincomalee', 17, 0, '31000', 1, '2026-04-17 17:21:01', '2026-04-17 17:21:01'),
(132, 'Kinniya', 17, 14, '31100', 1, '2026-04-17 17:21:01', '2026-04-17 17:21:01'),
(133, 'Mutur', 17, 28, '31200', 1, '2026-04-17 17:21:01', '2026-04-17 17:21:01'),
(134, 'Kantale', 17, 35, '31300', 1, '2026-04-17 17:21:01', '2026-04-17 17:21:01'),
(135, 'Gomarankadawala', 17, 42, '31400', 1, '2026-04-17 17:21:01', '2026-04-17 17:21:01'),
(136, 'Seruwila', 17, 45, '31260', 1, '2026-04-17 17:21:01', '2026-04-17 17:21:01'),
(137, 'Kurunegala', 18, 0, '60000', 1, '2026-04-17 17:21:01', '2026-04-17 17:21:01'),
(138, 'Kuliyapitiya', 18, 28, '60200', 1, '2026-04-17 17:21:01', '2026-04-17 17:21:01'),
(139, 'Polgahawela', 18, 16, '60300', 1, '2026-04-17 17:21:01', '2026-04-17 17:21:01'),
(140, 'Mawathagama', 18, 22, '60060', 1, '2026-04-17 17:21:01', '2026-04-17 17:21:01'),
(141, 'Narammala', 18, 14, '60100', 1, '2026-04-17 17:21:01', '2026-04-17 17:21:01'),
(142, 'Wariyapola', 18, 24, '60400', 1, '2026-04-17 17:21:01', '2026-04-17 17:21:01'),
(143, 'Giriulla', 18, 30, '60140', 1, '2026-04-17 17:21:01', '2026-04-17 17:21:01'),
(144, 'Pannala', 18, 18, '61120', 1, '2026-04-17 17:21:01', '2026-04-17 17:21:01'),
(145, 'Alawwa', 18, 20, '60280', 1, '2026-04-17 17:21:01', '2026-04-17 17:21:01'),
(146, 'Bingiriya', 18, 35, '60450', 1, '2026-04-17 17:21:01', '2026-04-17 17:21:01'),
(147, 'Puttalam', 19, 0, '61300', 1, '2026-04-17 17:21:01', '2026-04-17 17:21:01'),
(148, 'Chilaw', 19, 35, '61000', 1, '2026-04-17 17:21:01', '2026-04-17 17:21:01'),
(149, 'Wennappuwa', 19, 28, '61170', 1, '2026-04-17 17:21:01', '2026-04-17 17:21:01'),
(150, 'Dankotuwa', 19, 40, '61130', 1, '2026-04-17 17:21:01', '2026-04-17 17:21:01'),
(151, 'Marawila', 19, 45, '61210', 1, '2026-04-17 17:21:01', '2026-04-17 17:21:01'),
(152, 'Nattandiya', 19, 32, '61190', 1, '2026-04-17 17:21:01', '2026-04-17 17:21:01'),
(153, 'Anamaduwa', 19, 25, '61500', 1, '2026-04-17 17:21:01', '2026-04-17 17:21:01'),
(154, 'Anuradhapura', 20, 0, '50000', 1, '2026-04-17 17:21:01', '2026-04-17 17:21:01'),
(155, 'Kekirawa', 20, 28, '50100', 1, '2026-04-17 17:21:01', '2026-04-17 17:21:01'),
(156, 'Medawachchiya', 20, 48, '50500', 1, '2026-04-17 17:21:01', '2026-04-17 17:21:01'),
(157, 'Tambuttegama', 20, 22, '50240', 1, '2026-04-17 17:21:01', '2026-04-17 17:21:01'),
(158, 'Eppawala', 20, 18, '50150', 1, '2026-04-17 17:21:01', '2026-04-17 17:21:01'),
(159, 'Galenbindunuwewa', 20, 35, '50350', 1, '2026-04-17 17:21:01', '2026-04-17 17:21:01'),
(160, 'Mihintale', 20, 12, '50300', 1, '2026-04-17 17:21:01', '2026-04-17 17:21:01'),
(161, 'Talawa', 20, 25, '50230', 1, '2026-04-17 17:21:01', '2026-04-17 17:21:01'),
(162, 'Nochchiyagama', 20, 40, '50550', 1, '2026-04-17 17:21:01', '2026-04-17 17:21:01'),
(163, 'Polonnaruwa', 21, 0, '51000', 1, '2026-04-17 17:21:01', '2026-04-17 17:21:01'),
(164, 'Hingurakgoda', 21, 20, '51400', 1, '2026-04-17 17:21:01', '2026-04-17 17:21:01'),
(165, 'Medirigiriya', 21, 28, '51500', 1, '2026-04-17 17:21:01', '2026-04-17 17:21:01'),
(166, 'Dimbulagala', 21, 35, '51050', 1, '2026-04-17 17:21:01', '2026-04-17 17:21:01'),
(167, 'Aralaganwila', 21, 25, '51130', 1, '2026-04-17 17:21:01', '2026-04-17 17:21:01'),
(168, 'Welikanda', 21, 40, '51070', 1, '2026-04-17 17:21:01', '2026-04-17 17:21:01'),
(169, 'Badulla', 22, 0, '90000', 1, '2026-04-17 17:21:01', '2026-04-17 17:21:01'),
(170, 'Bandarawela', 22, 18, '90100', 1, '2026-04-17 17:21:01', '2026-04-17 17:21:01'),
(171, 'Haputale', 22, 28, '90160', 1, '2026-04-17 17:21:01', '2026-04-17 17:21:01'),
(172, 'Welimada', 22, 32, '90200', 1, '2026-04-17 17:21:01', '2026-04-17 17:21:01'),
(173, 'Mahiyanganaya', 22, 45, '90700', 1, '2026-04-17 17:21:01', '2026-04-17 17:21:01'),
(174, 'Hali-Ela', 22, 22, '90060', 1, '2026-04-17 17:21:01', '2026-04-17 17:21:01'),
(175, 'Ella', 22, 25, '90090', 1, '2026-04-17 17:21:01', '2026-04-17 17:21:01'),
(176, 'Passara', 22, 24, '90500', 1, '2026-04-17 17:21:01', '2026-04-17 17:21:01'),
(177, 'Diyatalawa', 22, 30, '90150', 1, '2026-04-17 17:21:01', '2026-04-17 17:21:01'),
(178, 'Monaragala', 23, 0, '91000', 1, '2026-04-17 17:21:01', '2026-04-17 17:21:01'),
(179, 'Wellawaya', 23, 35, '91200', 1, '2026-04-17 17:21:01', '2026-04-17 17:21:01'),
(180, 'Bibile', 23, 28, '91500', 1, '2026-04-17 17:21:01', '2026-04-17 17:21:01'),
(181, 'Buttala', 23, 40, '91100', 1, '2026-04-17 17:21:01', '2026-04-17 17:21:01'),
(182, 'Kataragama', 23, 55, '91400', 1, '2026-04-17 17:21:01', '2026-04-17 17:21:01'),
(183, 'Medagama', 23, 25, '91300', 1, '2026-04-17 17:21:01', '2026-04-17 17:21:01'),
(184, 'Ratnapura', 24, 0, '70000', 1, '2026-04-17 17:21:01', '2026-04-17 17:21:01'),
(185, 'Embilipitiya', 24, 48, '70200', 1, '2026-04-17 17:21:01', '2026-04-17 17:21:01'),
(186, 'Balangoda', 24, 38, '70100', 1, '2026-04-17 17:21:01', '2026-04-17 17:21:01'),
(187, 'Pelmadulla', 24, 18, '70300', 1, '2026-04-17 17:21:01', '2026-04-17 17:21:01'),
(188, 'Eheliyagoda', 24, 22, '70600', 1, '2026-04-17 17:21:01', '2026-04-17 17:21:01'),
(189, 'Kuruwita', 24, 12, '70500', 1, '2026-04-17 17:21:01', '2026-04-17 17:21:01'),
(190, 'Kalawana', 24, 42, '70450', 1, '2026-04-17 17:21:01', '2026-04-17 17:21:01'),
(191, 'Nivithigala', 24, 28, '70400', 1, '2026-04-17 17:21:01', '2026-04-17 17:21:01'),
(192, 'Kahawatta', 24, 35, '70150', 1, '2026-04-17 17:21:01', '2026-04-17 17:21:01'),
(193, 'Kegalle', 25, 0, '71000', 1, '2026-04-17 17:21:01', '2026-04-17 17:21:01'),
(194, 'Mawanella', 25, 20, '71500', 1, '2026-04-17 17:21:01', '2026-04-17 17:21:01'),
(195, 'Warakapola', 25, 15, '71600', 1, '2026-04-17 17:21:01', '2026-04-17 17:21:01'),
(196, 'Rambukkana', 25, 28, '71100', 1, '2026-04-17 17:21:01', '2026-04-17 17:21:01'),
(197, 'Galigamuwa', 25, 12, '71350', 1, '2026-04-17 17:21:01', '2026-04-17 17:21:01'),
(198, 'Dehiowita', 25, 35, '10650', 1, '2026-04-17 17:21:01', '2026-04-17 17:21:01'),
(199, 'Ruwanwella', 25, 25, '71300', 1, '2026-04-17 17:21:01', '2026-04-17 17:21:01'),
(200, 'Yatiyantota', 25, 30, '71700', 1, '2026-04-17 17:21:01', '2026-04-17 17:21:01'),
(201, 'Deraniyagala', 25, 40, '71200', 1, '2026-04-17 17:21:01', '2026-04-17 17:21:01');

-- --------------------------------------------------------

--
-- Table structure for table `transporter_profiles`
--

CREATE TABLE `transporter_profiles` (
  `id` int(11) NOT NULL,
  `user_id` int(11) NOT NULL,
  `company_name` varchar(255) DEFAULT NULL,
  `phone` varchar(20) DEFAULT NULL,
  `district` varchar(100) DEFAULT NULL,
  `full_address` varchar(500) DEFAULT NULL,
  `availability` varchar(255) DEFAULT NULL,
  `profile_photo` varchar(255) DEFAULT NULL,
  `created_at` timestamp NOT NULL DEFAULT current_timestamp(),
  `updated_at` timestamp NOT NULL DEFAULT current_timestamp() ON UPDATE current_timestamp()
) ENGINE=InnoDB DEFAULT CHARSET=utf8mb4 COLLATE=utf8mb4_general_ci;

--
-- Dumping data for table `transporter_profiles`
--

INSERT INTO `transporter_profiles` (`id`, `user_id`, `company_name`, `phone`, `district`, `full_address`, `availability`, `profile_photo`, `created_at`, `updated_at`) VALUES
(1, 28, 'Kal Logistics', '0712345678', 'Colombo', 'Lane 1, Colombo', 'available', 'transporter_28_1775272131.jpg', '2026-04-04 00:39:26', '2026-04-16 06:59:40'),
(2, 37, NULL, NULL, NULL, NULL, NULL, NULL, '2026-04-17 17:49:36', '2026-04-17 17:49:36');

-- --------------------------------------------------------

--
-- Table structure for table `users`
--

CREATE TABLE `users` (
  `id` int(11) NOT NULL,
  `name` varchar(255) NOT NULL,
  `email` varchar(255) NOT NULL,
  `password` varchar(255) NOT NULL,
  `password_updated_at` timestamp NULL DEFAULT NULL,
  `role` varchar(255) NOT NULL,
  `status` enum('active','inactive') DEFAULT 'active',
  `verification_status` enum('not_required','pending','approved','rejected') DEFAULT 'not_required',
  `deactivated_at` timestamp NULL DEFAULT NULL,
  `deactivation_reason` varchar(500) DEFAULT NULL,
  `created_at` timestamp NOT NULL DEFAULT current_timestamp(),
  `updated_at` timestamp NOT NULL DEFAULT current_timestamp() ON UPDATE current_timestamp()
) ENGINE=InnoDB DEFAULT CHARSET=utf8mb4 COLLATE=utf8mb4_general_ci;

--
-- Dumping data for table `users`
--

INSERT INTO `users` (`id`, `name`, `email`, `password`, `password_updated_at`, `role`, `status`, `verification_status`, `deactivated_at`, `deactivation_reason`, `created_at`, `updated_at`) VALUES
(9, 'Sewni Jayawardana', 'sewni@gmail.com', '$2y$10$vOVaCfjVErIC6HDXHMgU/.4WpAOkGFgqZzvKFThJmCCFaYFc3Ci6q', NULL, 'farmer', 'active', 'not_required', NULL, NULL, '2025-10-19 12:14:27', '2026-04-16 06:24:26'),
(11, 'Yomal Chandima', 'yc@gmail.com', '$2y$10$bW5DPIMcWTGdDlsgPJqMJuoJ1h/aPVAdEgOXR1B4qg7EM.h9hz5gy', '2026-04-16 08:49:33', 'buyer', 'active', 'not_required', NULL, NULL, '2025-10-19 12:14:27', '2026-04-16 08:49:33'),
(23, 'vonara', 'vonara@gmail.com', '$2y$10$0/Mii.R0Py9STVvQgLiUuOGFJaUeTLfGdA.357NaODBXIZDKlZHXK', NULL, 'farmer', 'active', 'not_required', '2026-04-12 05:25:05', NULL, '2025-10-22 07:22:02', '2026-04-12 05:25:28'),
(24, 'yomal', 'yomal@gmail.com', '$2y$12$KUfcAhaRLk/cOU6bAguaEOFM7Abq/V3hh5u4G2x.j3WI5Y1NB38wa', '2026-04-17 07:51:32', 'buyer', 'active', 'not_required', NULL, NULL, '2025-10-22 07:37:23', '2026-04-17 07:51:32'),
(26, 'sdq', 'sdq@gmail.com', '$2y$10$mMLaXqS1sLuHpdtfns.od.MsK4JkQ8p2AhWAN8VN/ZcThN7LqUMqC', NULL, 'admin', 'active', 'not_required', NULL, NULL, '2025-10-22 08:33:43', '2026-04-04 12:27:05'),
(28, 'Kal Transporter', 'kal@gmail.com', '$2y$10$lPCFj2M3K0Sgg4YgPtJJ3eVKFR9wkRPQV05ZbXSQnlMGdHEY8d4yS', NULL, 'transporter', 'active', 'not_required', NULL, NULL, '2025-10-22 08:38:58', '2026-04-16 06:47:54'),
(40, 'Umaya', 'umaya@gmail.com', '$2y$10$Cx5oR5.fm77sJeLcP/ypOuyGpvPgYOpPVTQ0xhmNTie4dR/gLrTte', NULL, 'farmer', 'active', 'pending', NULL, NULL, '2026-04-17 19:54:13', '2026-04-17 19:54:13'),
(41, 'Sewni Jayawardana', 'sewnijayawardana@gmail.com', '$2y$10$FJ1.Bf1acCYNIXkK..tRfeDDMzxY78eVgPhUI0RE0e9LX8xX8bvQ.', NULL, 'farmer', 'active', 'pending', NULL, NULL, '2026-04-18 09:53:05', '2026-04-18 09:53:05'),
(42, 'b1', 'buyer@gmail.com', '$2y$10$pgRkXB.BdG./1wOyJzwJjuhb2diCTjrJ9NDCriWmVAymy4irWAtJy', NULL, 'buyer', 'active', 'not_required', NULL, NULL, '2026-04-18 11:13:01', '2026-04-18 11:13:51'),
(43, 'sdq', 'sdq123@gmail.com', '$2y$10$/0TWKnTuOAWY9/LLqosUGugFHrmTLr8cCmirz/PmoiUbfkJDgh1V2', NULL, 'farmer', 'active', 'not_required', NULL, NULL, '2026-04-18 11:51:25', '2026-04-18 11:51:25'),
(44, 'Sewni Jayawardana', 'sdq1@gmail.com', '$2y$10$9Kng7edqZYD4DTJYl/EQ2uuAchBFktEz1KHFWpnxA9S2W4kkV8POu', NULL, 'farmer', 'active', 'not_required', NULL, NULL, '2026-04-18 11:55:58', '2026-04-18 11:55:58'),
(45, 'Sewni Jayawardana', 'sdq2@gmail.com', '$2y$10$quV4bIipbGrUROGm2fYiguvmyG/Xi69l.atjf9uwTWtoSWkJJ2iDG', NULL, 'farmer', 'active', 'pending', NULL, NULL, '2026-04-18 12:00:26', '2026-04-18 12:00:26'),
(46, 'Sewni Jayawardana', 'sdq3@gmail.com', '$2y$10$12BDAuwx0w0Dnq4vp7X4xeASlrWDIbJ93d6G9a2ZGD7.xNVBHkre.', NULL, 'farmer', 'active', 'pending', NULL, NULL, '2026-04-18 12:09:46', '2026-04-18 12:09:46'),
(47, 'Sewni Jayawardana', 'sdq321@gmail.com', '$2y$10$Um501rvwIaohP8UidBKipOOCuuAklTGz9XiECYrlgf4117J55I6zC', NULL, 'farmer', 'active', 'pending', NULL, NULL, '2026-04-18 12:17:50', '2026-04-18 12:17:50'),
(48, 'Sewni Jayawardana', 'sdq111@gmail.com', '$2y$10$dHt0fAgyDTva0mhcMd8NFOxEQlh4vpzfYi1igMMUfC15APR.4ViWS', NULL, 'farmer', 'active', 'pending', NULL, NULL, '2026-04-18 12:22:00', '2026-04-18 12:22:01'),
(49, 'Sewni Jayawardana', 's@gmail.com', '$2y$10$.oi.mC1xb290TRaVjGVamupOJnaaOizCblPqkD80XFNNFT3WDNpWe', NULL, 'farmer', 'active', 'pending', NULL, NULL, '2026-04-18 12:24:26', '2026-04-18 12:24:26');

-- --------------------------------------------------------

--
-- Table structure for table `user_email_changes`
--

CREATE TABLE `user_email_changes` (
  `id` int(11) NOT NULL,
  `user_id` int(11) NOT NULL,
  `old_email` varchar(255) NOT NULL,
  `new_email` varchar(255) NOT NULL,
  `changed_at` timestamp NOT NULL DEFAULT current_timestamp()
) ENGINE=InnoDB DEFAULT CHARSET=utf8mb4 COLLATE=utf8mb4_general_ci;

-- --------------------------------------------------------

--
-- Table structure for table `vehicles`
--

CREATE TABLE `vehicles` (
  `id` int(11) NOT NULL,
  `transporter_id` int(11) NOT NULL,
  `type` varchar(50) NOT NULL,
  `vehicle_type_id` int(11) DEFAULT NULL,
  `registration` varchar(20) NOT NULL,
  `capacity` decimal(10,2) NOT NULL,
  `fuel_type` varchar(20) DEFAULT NULL,
  `model` varchar(100) DEFAULT NULL,
  `status` enum('active','inactive','maintenance') DEFAULT 'active',
  `created_at` timestamp NOT NULL DEFAULT current_timestamp(),
  `updated_at` timestamp NOT NULL DEFAULT current_timestamp() ON UPDATE current_timestamp()
) ENGINE=InnoDB DEFAULT CHARSET=utf8mb4 COLLATE=utf8mb4_general_ci;

--
-- Dumping data for table `vehicles`
--

INSERT INTO `vehicles` (`id`, `transporter_id`, `type`, `vehicle_type_id`, `registration`, `capacity`, `fuel_type`, `model`, `status`, `created_at`, `updated_at`) VALUES
(10, 28, 'smallvan', 3, 'KH-7856', 300.00, 'diesel', 'Nissan Caravan', 'active', '2026-02-09 18:59:09', '2026-04-04 05:49:43'),
(11, 28, 'bike', 1, 'BKA-7890', 20.00, 'electric', 'CT100', 'active', '2026-02-09 19:25:11', '2026-04-04 02:24:47'),
(14, 28, 'threewheel', 2, 'AAU6767', 100.00, 'petrol', '', 'active', '2026-04-04 05:50:25', '2026-04-04 05:50:25');

-- --------------------------------------------------------

--
-- Table structure for table `vehicle_types`
--

CREATE TABLE `vehicle_types` (
  `id` int(11) NOT NULL,
  `vehicle_name` varchar(50) NOT NULL,
  `min_weight_kg` int(11) NOT NULL DEFAULT 0,
  `max_weight_kg` int(11) NOT NULL,
  `base_fee_lkr` decimal(10,2) NOT NULL,
  `cost_per_km_lkr` decimal(10,2) NOT NULL,
  `cost_per_kg_lkr` decimal(10,2) NOT NULL,
  `is_active` tinyint(1) DEFAULT 1,
  `created_at` timestamp NOT NULL DEFAULT current_timestamp(),
  `updated_at` timestamp NOT NULL DEFAULT current_timestamp() ON UPDATE current_timestamp()
) ENGINE=InnoDB DEFAULT CHARSET=utf8mb4 COLLATE=utf8mb4_general_ci;

--
-- Dumping data for table `vehicle_types`
--

INSERT INTO `vehicle_types` (`id`, `vehicle_name`, `min_weight_kg`, `max_weight_kg`, `base_fee_lkr`, `cost_per_km_lkr`, `cost_per_kg_lkr`, `is_active`, `created_at`, `updated_at`) VALUES
(1, 'Bike', 0, 20, 150.00, 5.00, 5.00, 1, '2026-01-24 14:29:09', '2026-01-24 14:29:09'),
(2, 'Threewheel', 20, 100, 300.00, 7.00, 3.00, 1, '2026-01-24 14:29:09', '2026-02-10 06:59:16'),
(3, 'Small Van', 100, 300, 500.00, 10.00, 2.50, 1, '2026-01-24 14:29:09', '2026-02-09 17:43:08'),
(4, 'Van', 300, 600, 800.00, 15.00, 2.00, 1, '2026-01-24 14:29:09', '2026-02-09 17:43:08'),
(5, 'Small Lorry', 600, 1500, 1200.00, 20.00, 1.50, 1, '2026-01-24 14:29:09', '2026-02-09 17:43:08'),
(6, 'Lorry', 1500, 3000, 1800.00, 25.00, 1.00, 1, '2026-01-24 14:29:09', '2026-02-09 17:43:08');

-- --------------------------------------------------------

--
-- Table structure for table `verification_documents`
--

CREATE TABLE `verification_documents` (
  `id` int(11) NOT NULL,
  `user_id` int(11) NOT NULL,
  `doc_type` enum('nic','bank_details','driving_license','vehicle_insurance','vehicle_revenue_license') NOT NULL,
  `file_path` varchar(255) NOT NULL,
  `status` enum('pending','approved','rejected') DEFAULT 'pending',
  `rejection_reason` text DEFAULT NULL,
  `reviewed_by` int(11) DEFAULT NULL,
  `reviewed_at` timestamp NULL DEFAULT NULL,
  `created_at` timestamp NOT NULL DEFAULT current_timestamp(),
  `updated_at` timestamp NOT NULL DEFAULT current_timestamp() ON UPDATE current_timestamp()
) ENGINE=InnoDB DEFAULT CHARSET=utf8mb4 COLLATE=utf8mb4_general_ci;

-- --------------------------------------------------------

--
-- Table structure for table `wishlist`
--

CREATE TABLE `wishlist` (
  `id` int(11) NOT NULL,
  `user_id` int(11) NOT NULL,
  `product_id` int(11) NOT NULL,
  `created_at` timestamp NOT NULL DEFAULT current_timestamp()
) ENGINE=InnoDB DEFAULT CHARSET=utf8mb4 COLLATE=utf8mb4_general_ci;

--
-- Dumping data for table `wishlist`
--

INSERT INTO `wishlist` (`id`, `user_id`, `product_id`, `created_at`) VALUES
(26, 11, 47, '2026-04-04 01:46:12'),
(27, 11, 50, '2026-04-09 07:43:02'),
(28, 24, 50, '2026-04-17 07:59:56'),
(29, 24, 49, '2026-04-17 08:00:07');

--
-- Indexes for dumped tables
--

--
-- Indexes for table `buyer_profiles`
--
ALTER TABLE `buyer_profiles`
  ADD PRIMARY KEY (`id`),
  ADD KEY `user_id` (`user_id`);

--
-- Indexes for table `cart`
--
ALTER TABLE `cart`
  ADD PRIMARY KEY (`id`),
  ADD KEY `user_id` (`user_id`),
  ADD KEY `product_id` (`product_id`);

--
-- Indexes for table `crop_requests`
--
ALTER TABLE `crop_requests`
  ADD PRIMARY KEY (`id`),
  ADD KEY `buyer_id` (`buyer_id`);

--
-- Indexes for table `crop_volume_factors`
--
ALTER TABLE `crop_volume_factors`
  ADD PRIMARY KEY (`id`),
  ADD UNIQUE KEY `crop_name` (`crop_name`),
  ADD KEY `idx_category` (`category`);

--
-- Indexes for table `delivery_requests`
--
ALTER TABLE `delivery_requests`
  ADD PRIMARY KEY (`id`),
  ADD KEY `idx_order` (`order_id`),
  ADD KEY `idx_buyer` (`buyer_id`),
  ADD KEY `idx_farmer` (`farmer_id`),
  ADD KEY `idx_transporter` (`transporter_id`),
  ADD KEY `idx_status` (`status`),
  ADD KEY `idx_weight` (`total_weight_kg`),
  ADD KEY `idx_vehicle_type` (`required_vehicle_type_id`);

--
-- Indexes for table `districts`
--
ALTER TABLE `districts`
  ADD PRIMARY KEY (`id`),
  ADD UNIQUE KEY `district_name` (`district_name`),
  ADD UNIQUE KEY `district_code` (`district_code`);

--
-- Indexes for table `district_distances`
--
ALTER TABLE `district_distances`
  ADD PRIMARY KEY (`id`),
  ADD UNIQUE KEY `unique_route` (`from_district_id`,`to_district_id`),
  ADD KEY `idx_from` (`from_district_id`),
  ADD KEY `idx_to` (`to_district_id`);

--
-- Indexes for table `farmer_profiles`
--
ALTER TABLE `farmer_profiles`
  ADD PRIMARY KEY (`id`),
  ADD UNIQUE KEY `user_id` (`user_id`);

--
-- Indexes for table `notifications`
--
ALTER TABLE `notifications`
  ADD PRIMARY KEY (`id`),
  ADD UNIQUE KEY `uq_notifications_user_event` (`user_id`,`event_key`),
  ADD KEY `idx_notifications_user_read` (`user_id`,`is_read`),
  ADD KEY `idx_notifications_type` (`type`),
  ADD KEY `idx_notifications_created_at` (`created_at`);

--
-- Indexes for table `notification_settings`
--
ALTER TABLE `notification_settings`
  ADD PRIMARY KEY (`id`),
  ADD UNIQUE KEY `uq_notification_settings_user` (`user_id`);

--
-- Indexes for table `orders`
--
ALTER TABLE `orders`
  ADD PRIMARY KEY (`id`),
  ADD KEY `idx_buyer` (`buyer_id`),
  ADD KEY `idx_status` (`status`),
  ADD KEY `idx_created` (`created_at`);

--
-- Indexes for table `order_items`
--
ALTER TABLE `order_items`
  ADD PRIMARY KEY (`id`),
  ADD KEY `idx_order` (`order_id`),
  ADD KEY `idx_product` (`product_id`),
  ADD KEY `idx_farmer` (`farmer_id`);

--
-- Indexes for table `payout_accounts`
--
ALTER TABLE `payout_accounts`
  ADD PRIMARY KEY (`id`),
  ADD KEY `idx_payout_accounts_user` (`user_id`),
  ADD KEY `idx_payout_accounts_default` (`user_id`,`is_default`),
  ADD KEY `idx_payout_accounts_verified` (`is_verified`);

--
-- Indexes for table `platform_config`
--
ALTER TABLE `platform_config`
  ADD PRIMARY KEY (`id`),
  ADD UNIQUE KEY `config_key` (`config_key`);

--
-- Indexes for table `products`
--
ALTER TABLE `products`
  ADD PRIMARY KEY (`id`),
  ADD KEY `idx_product_master` (`product_master_id`);

--
-- Indexes for table `reviews`
--
ALTER TABLE `reviews`
  ADD PRIMARY KEY (`id`),
  ADD KEY `idx_order` (`order_id`),
  ADD KEY `idx_product` (`product_id`),
  ADD KEY `idx_buyer` (`buyer_id`),
  ADD KEY `idx_farmer` (`farmer_id`);

--
-- Indexes for table `towns`
--
ALTER TABLE `towns`
  ADD PRIMARY KEY (`id`),
  ADD KEY `idx_district` (`district_id`),
  ADD KEY `idx_town_name` (`town_name`);

--
-- Indexes for table `transporter_profiles`
--
ALTER TABLE `transporter_profiles`
  ADD PRIMARY KEY (`id`),
  ADD UNIQUE KEY `user_id` (`user_id`);

--
-- Indexes for table `users`
--
ALTER TABLE `users`
  ADD PRIMARY KEY (`id`),
  ADD KEY `idx_users_status` (`status`);

--
-- Indexes for table `user_email_changes`
--
ALTER TABLE `user_email_changes`
  ADD PRIMARY KEY (`id`),
  ADD KEY `idx_user_id` (`user_id`);

--
-- Indexes for table `vehicles`
--
ALTER TABLE `vehicles`
  ADD PRIMARY KEY (`id`),
  ADD KEY `transporter_id` (`transporter_id`),
  ADD KEY `idx_vehicle_type` (`vehicle_type_id`);

--
-- Indexes for table `vehicle_types`
--
ALTER TABLE `vehicle_types`
  ADD PRIMARY KEY (`id`),
  ADD UNIQUE KEY `vehicle_name` (`vehicle_name`);

--
-- Indexes for table `verification_documents`
--
ALTER TABLE `verification_documents`
  ADD PRIMARY KEY (`id`),
  ADD KEY `idx_user_id` (`user_id`),
  ADD KEY `idx_status` (`status`),
  ADD KEY `vd_reviewer_fk` (`reviewed_by`);

--
-- Indexes for table `wishlist`
--
ALTER TABLE `wishlist`
  ADD PRIMARY KEY (`id`),
  ADD UNIQUE KEY `unique_wishlist` (`user_id`,`product_id`),
  ADD KEY `product_id` (`product_id`);

--
-- AUTO_INCREMENT for dumped tables
--

--
-- AUTO_INCREMENT for table `buyer_profiles`
--
ALTER TABLE `buyer_profiles`
  MODIFY `id` int(11) NOT NULL AUTO_INCREMENT, AUTO_INCREMENT=9;

--
-- AUTO_INCREMENT for table `cart`
--
ALTER TABLE `cart`
  MODIFY `id` int(11) NOT NULL AUTO_INCREMENT, AUTO_INCREMENT=302;

--
-- AUTO_INCREMENT for table `crop_requests`
--
ALTER TABLE `crop_requests`
  MODIFY `id` int(11) NOT NULL AUTO_INCREMENT, AUTO_INCREMENT=16;

--
-- AUTO_INCREMENT for table `crop_volume_factors`
--
ALTER TABLE `crop_volume_factors`
  MODIFY `id` int(11) NOT NULL AUTO_INCREMENT, AUTO_INCREMENT=45;

--
-- AUTO_INCREMENT for table `delivery_requests`
--
ALTER TABLE `delivery_requests`
  MODIFY `id` int(11) NOT NULL AUTO_INCREMENT, AUTO_INCREMENT=13;

--
-- AUTO_INCREMENT for table `districts`
--
ALTER TABLE `districts`
  MODIFY `id` int(11) NOT NULL AUTO_INCREMENT, AUTO_INCREMENT=26;

--
-- AUTO_INCREMENT for table `district_distances`
--
ALTER TABLE `district_distances`
  MODIFY `id` int(11) NOT NULL AUTO_INCREMENT, AUTO_INCREMENT=2284;

--
-- AUTO_INCREMENT for table `farmer_profiles`
--
ALTER TABLE `farmer_profiles`
  MODIFY `id` int(11) NOT NULL AUTO_INCREMENT, AUTO_INCREMENT=9;

--
-- AUTO_INCREMENT for table `notifications`
--
ALTER TABLE `notifications`
  MODIFY `id` int(11) NOT NULL AUTO_INCREMENT, AUTO_INCREMENT=29806;

--
-- AUTO_INCREMENT for table `notification_settings`
--
ALTER TABLE `notification_settings`
  MODIFY `id` int(11) NOT NULL AUTO_INCREMENT, AUTO_INCREMENT=12;

--
-- AUTO_INCREMENT for table `orders`
--
ALTER TABLE `orders`
  MODIFY `id` int(11) NOT NULL AUTO_INCREMENT, AUTO_INCREMENT=51;

--
-- AUTO_INCREMENT for table `order_items`
--
ALTER TABLE `order_items`
  MODIFY `id` int(11) NOT NULL AUTO_INCREMENT, AUTO_INCREMENT=44;

--
-- AUTO_INCREMENT for table `payout_accounts`
--
ALTER TABLE `payout_accounts`
  MODIFY `id` int(11) NOT NULL AUTO_INCREMENT, AUTO_INCREMENT=3;

--
-- AUTO_INCREMENT for table `platform_config`
--
ALTER TABLE `platform_config`
  MODIFY `id` int(11) NOT NULL AUTO_INCREMENT, AUTO_INCREMENT=7;

--
-- AUTO_INCREMENT for table `products`
--
ALTER TABLE `products`
  MODIFY `id` int(11) NOT NULL AUTO_INCREMENT, AUTO_INCREMENT=51;

--
-- AUTO_INCREMENT for table `reviews`
--
ALTER TABLE `reviews`
  MODIFY `id` int(11) NOT NULL AUTO_INCREMENT, AUTO_INCREMENT=8;

--
-- AUTO_INCREMENT for table `towns`
--
ALTER TABLE `towns`
  MODIFY `id` int(11) NOT NULL AUTO_INCREMENT, AUTO_INCREMENT=202;

--
-- AUTO_INCREMENT for table `transporter_profiles`
--
ALTER TABLE `transporter_profiles`
  MODIFY `id` int(11) NOT NULL AUTO_INCREMENT, AUTO_INCREMENT=3;

--
-- AUTO_INCREMENT for table `users`
--
ALTER TABLE `users`
  MODIFY `id` int(11) NOT NULL AUTO_INCREMENT, AUTO_INCREMENT=50;

--
-- AUTO_INCREMENT for table `user_email_changes`
--
ALTER TABLE `user_email_changes`
  MODIFY `id` int(11) NOT NULL AUTO_INCREMENT;

--
-- AUTO_INCREMENT for table `vehicles`
--
ALTER TABLE `vehicles`
  MODIFY `id` int(11) NOT NULL AUTO_INCREMENT, AUTO_INCREMENT=15;

--
-- AUTO_INCREMENT for table `vehicle_types`
--
ALTER TABLE `vehicle_types`
  MODIFY `id` int(11) NOT NULL AUTO_INCREMENT, AUTO_INCREMENT=7;

--
-- AUTO_INCREMENT for table `verification_documents`
--
ALTER TABLE `verification_documents`
  MODIFY `id` int(11) NOT NULL AUTO_INCREMENT;

--
-- AUTO_INCREMENT for table `wishlist`
--
ALTER TABLE `wishlist`
  MODIFY `id` int(11) NOT NULL AUTO_INCREMENT, AUTO_INCREMENT=30;

--
-- Constraints for dumped tables
--

--
-- Constraints for table `delivery_requests`
--
ALTER TABLE `delivery_requests`
  ADD CONSTRAINT `delivery_requests_ibfk_1` FOREIGN KEY (`order_id`) REFERENCES `orders` (`id`) ON DELETE CASCADE,
  ADD CONSTRAINT `delivery_requests_ibfk_2` FOREIGN KEY (`buyer_id`) REFERENCES `users` (`id`),
  ADD CONSTRAINT `delivery_requests_ibfk_3` FOREIGN KEY (`farmer_id`) REFERENCES `users` (`id`),
  ADD CONSTRAINT `delivery_requests_ibfk_4` FOREIGN KEY (`transporter_id`) REFERENCES `users` (`id`) ON DELETE SET NULL,
  ADD CONSTRAINT `delivery_requests_ibfk_5` FOREIGN KEY (`required_vehicle_type_id`) REFERENCES `vehicle_types` (`id`);

--
-- Constraints for table `notifications`
--
ALTER TABLE `notifications`
  ADD CONSTRAINT `notifications_ibfk_1` FOREIGN KEY (`user_id`) REFERENCES `users` (`id`) ON DELETE CASCADE;

--
-- Constraints for table `notification_settings`
--
ALTER TABLE `notification_settings`
  ADD CONSTRAINT `notification_settings_ibfk_1` FOREIGN KEY (`user_id`) REFERENCES `users` (`id`) ON DELETE CASCADE;

--
-- Constraints for table `payout_accounts`
--
ALTER TABLE `payout_accounts`
  ADD CONSTRAINT `payout_accounts_ibfk_1` FOREIGN KEY (`user_id`) REFERENCES `users` (`id`) ON DELETE CASCADE;

--
-- Constraints for table `user_email_changes`
--
ALTER TABLE `user_email_changes`
  ADD CONSTRAINT `user_email_changes_ibfk_1` FOREIGN KEY (`user_id`) REFERENCES `users` (`id`) ON DELETE CASCADE;

--
-- Constraints for table `verification_documents`
--
ALTER TABLE `verification_documents`
  ADD CONSTRAINT `vd_reviewer_fk` FOREIGN KEY (`reviewed_by`) REFERENCES `users` (`id`) ON DELETE SET NULL,
  ADD CONSTRAINT `vd_user_fk` FOREIGN KEY (`user_id`) REFERENCES `users` (`id`) ON DELETE CASCADE;
COMMIT;

/*!40101 SET CHARACTER_SET_CLIENT=@OLD_CHARACTER_SET_CLIENT */;
/*!40101 SET CHARACTER_SET_RESULTS=@OLD_CHARACTER_SET_RESULTS */;
/*!40101 SET COLLATION_CONNECTION=@OLD_COLLATION_CONNECTION */;
