-- phpMyAdmin SQL Dump
-- version 5.2.1
-- https://www.phpmyadmin.net/
--
-- Host: localhost
-- Generation Time: Apr 05, 2026 at 09:56 AM
-- Server version: 10.4.28-MariaDB
-- PHP Version: 8.2.4

SET SQL_MODE = "NO_AUTO_VALUE_ON_ZERO";
START TRANSACTION;
SET time_zone = "+00:00";


/*!40101 SET @OLD_CHARACTER_SET_CLIENT=@@CHARACTER_SET_CLIENT */;
/*!40101 SET @OLD_CHARACTER_SET_RESULTS=@@CHARACTER_SET_RESULTS */;
/*!40101 SET @OLD_COLLATION_CONNECTION=@@COLLATION_CONNECTION */;
/*!40101 SET NAMES utf8mb4 */;

--
-- Database: `agrolink`
--

-- ============================================================
-- TRANSPORTER MODULE UPGRADE — Applied 2026-04
-- Run these ALTER statements if upgrading an existing database.
-- ============================================================

-- vehicles table: add license_number, vehicle_image, license_verified, is_selected
ALTER TABLE `vehicles`
    ADD COLUMN IF NOT EXISTS `license_number` VARCHAR(50) DEFAULT NULL AFTER `registration`,
    ADD COLUMN IF NOT EXISTS `vehicle_image` VARCHAR(255) DEFAULT NULL AFTER `license_number`,
    ADD COLUMN IF NOT EXISTS `license_verified` TINYINT(1) NOT NULL DEFAULT 0 AFTER `vehicle_image`,
    ADD COLUMN IF NOT EXISTS `is_selected` TINYINT(1) NOT NULL DEFAULT 0 AFTER `status`;

-- transporter_profiles table: add license_verified, license_verified_at, location fields
ALTER TABLE `transporter_profiles`
    ADD COLUMN IF NOT EXISTS `license_verified` TINYINT(1) NOT NULL DEFAULT 0 AFTER `license_number`,
    ADD COLUMN IF NOT EXISTS `license_verified_at` TIMESTAMP NULL DEFAULT NULL AFTER `license_verified`,
    ADD COLUMN IF NOT EXISTS `street_name` VARCHAR(150) DEFAULT NULL,
    ADD COLUMN IF NOT EXISTS `city` VARCHAR(100) DEFAULT NULL,
    ADD COLUMN IF NOT EXISTS `district` VARCHAR(100) DEFAULT NULL,
    ADD COLUMN IF NOT EXISTS `district_id` INT(11) DEFAULT NULL,
    ADD COLUMN IF NOT EXISTS `town_id` INT(11) DEFAULT NULL,
    ADD COLUMN IF NOT EXISTS `postal_code` VARCHAR(20) DEFAULT NULL,
    ADD COLUMN IF NOT EXISTS `apartment_code` VARCHAR(50) DEFAULT NULL,
    ADD COLUMN IF NOT EXISTS `full_address` VARCHAR(500) DEFAULT NULL,
    ADD COLUMN IF NOT EXISTS `current_district_id` INT(11) DEFAULT NULL,
    ADD COLUMN IF NOT EXISTS `current_town_id` INT(11) DEFAULT NULL,
    ADD COLUMN IF NOT EXISTS `current_location_updated_at` TIMESTAMP NULL DEFAULT NULL;

-- ============================================================


-- --------------------------------------------------------

--
-- Table structure for table `buyer_profiles`
--

CREATE TABLE `buyer_profiles` (
  `id` int(11) NOT NULL,
  `user_id` int(11) NOT NULL,
  `phone` varchar(20) DEFAULT NULL,
  `apartment_code` varchar(50) DEFAULT NULL,
  `street_name` varchar(150) DEFAULT NULL,
  `city` varchar(100) DEFAULT NULL,
  `district` varchar(100) DEFAULT NULL,
  `postal_code` varchar(20) DEFAULT NULL,
  `additional_address_details` varchar(100) DEFAULT NULL,
  `profile_photo` varchar(255) DEFAULT NULL,
  `created_at` timestamp NOT NULL DEFAULT current_timestamp(),
  `updated_at` timestamp NOT NULL DEFAULT current_timestamp() ON UPDATE current_timestamp()
) ENGINE=InnoDB DEFAULT CHARSET=utf8mb4 COLLATE=utf8mb4_general_ci;

--
-- Dumping data for table `buyer_profiles`
--

INSERT INTO `buyer_profiles` (`id`, `user_id`, `phone`, `apartment_code`, `street_name`, `city`, `district`, `postal_code`, `additional_address_details`, `profile_photo`, `created_at`, `updated_at`) VALUES
(1, 11, '0702242499', '35/445', 'Lake Road', 'Matale', 'Matale', '21006', NULL, 'profile_photo_11_1769005209_8874b3e1.jpg', '2025-12-25 16:04:09', '2026-04-04 01:15:57'),
(5, 24, NULL, NULL, NULL, NULL, NULL, NULL, NULL, NULL, '2026-04-03 22:27:44', '2026-04-03 22:27:44');

-- --------------------------------------------------------

--
-- Table structure for table `buyer_profiles_backup`
--

CREATE TABLE `buyer_profiles_backup` (
  `id` int(11) NOT NULL DEFAULT 0,
  `user_id` int(11) NOT NULL,
  `phone` varchar(20) CHARACTER SET utf8mb4 COLLATE utf8mb4_unicode_ci DEFAULT NULL,
  `city` varchar(100) CHARACTER SET utf8mb4 COLLATE utf8mb4_unicode_ci DEFAULT NULL,
  `delivery_address` text CHARACTER SET utf8mb4 COLLATE utf8mb4_unicode_ci DEFAULT NULL,
  `created_at` timestamp NOT NULL DEFAULT current_timestamp(),
  `updated_at` timestamp NOT NULL DEFAULT current_timestamp() ON UPDATE current_timestamp()
) ENGINE=InnoDB DEFAULT CHARSET=utf8mb4 COLLATE=utf8mb4_general_ci;

--
-- Dumping data for table `buyer_profiles_backup`
--

INSERT INTO `buyer_profiles_backup` (`id`, `user_id`, `phone`, `city`, `delivery_address`, `created_at`, `updated_at`) VALUES
(1, 11, '789546123', 'matara', '56/9,kl rd,matara', '2025-12-25 16:04:09', '2025-12-25 16:04:09'),
(2, 35, NULL, NULL, NULL, '2026-01-13 21:33:52', '2026-01-13 21:33:52'),
(1, 11, '789546123', 'matara', '56/9,kl rd,matara', '2025-12-25 16:04:09', '2025-12-25 16:04:09'),
(2, 35, NULL, NULL, NULL, '2026-01-13 21:33:52', '2026-01-13 21:33:52');

-- --------------------------------------------------------

--
-- Table structure for table `cart`
--

CREATE TABLE `cart` (
  `id` int(11) NOT NULL,
  `user_id` int(11) NOT NULL,
  `product_id` varchar(50) NOT NULL,
  `product_name` varchar(255) NOT NULL,
  `product_price` decimal(10,2) NOT NULL,
  `quantity` int(11) NOT NULL DEFAULT 1,
  `farmer_name` varchar(255) NOT NULL,
  `farmer_location` varchar(100) NOT NULL,
  `product_image` varchar(255) DEFAULT NULL,
  `created_at` timestamp NOT NULL DEFAULT current_timestamp(),
  `updated_at` timestamp NOT NULL DEFAULT current_timestamp() ON UPDATE current_timestamp()
) ENGINE=InnoDB DEFAULT CHARSET=utf8mb4 COLLATE=utf8mb4_unicode_ci;

--
-- Dumping data for table `cart`
--

INSERT INTO `cart` (`id`, `user_id`, `product_id`, `product_name`, `product_price`, `quantity`, `farmer_name`, `farmer_location`, `product_image`, `created_at`, `updated_at`) VALUES
(262, 11, '49', 'Banana', 100.00, 1, 'vonara', 'Bentota, Galle', 'product_69d09de5dd62d.jpeg', '2026-04-05 06:55:46', '2026-04-05 06:55:46');

-- --------------------------------------------------------

--
-- Table structure for table `crop_requests`
--

CREATE TABLE `crop_requests` (
  `id` int(11) NOT NULL,
  `buyer_id` int(11) NOT NULL,
  `crop_name` varchar(150) DEFAULT NULL,
  `quantity` decimal(10,2) DEFAULT NULL,
  `target_price` decimal(10,2) DEFAULT NULL,
  `delivery_date` date DEFAULT NULL,
  `location` varchar(150) DEFAULT NULL,
  `status` enum('active','accepted','declined','completed') DEFAULT 'active',
  `created_at` timestamp NOT NULL DEFAULT current_timestamp()
) ENGINE=InnoDB DEFAULT CHARSET=utf8mb4 COLLATE=utf8mb4_general_ci;

--
-- Dumping data for table `crop_requests`
--

INSERT INTO `crop_requests` (`id`, `buyer_id`, `crop_name`, `quantity`, `target_price`, `delivery_date`, `location`, `status`, `created_at`) VALUES
(9, 11, 'BeetRoot', 50.00, 35.00, '2026-01-20', 'Ragama, Western', 'completed', '2025-12-16 13:42:40'),
(10, 11, 'papaya', 45.00, 55.00, '2026-01-14', 'Badulla, Uva', 'active', '2025-12-16 14:27:44'),
(11, 11, 'mango', 56.00, 23.00, '2026-01-13', 'colombo', 'accepted', '2025-12-17 04:38:21'),
(13, 11, 'banana', 56.00, 20.00, '2026-04-05', 'colombo,western', 'declined', '2026-01-21 09:31:05');

-- --------------------------------------------------------

--
-- Table structure for table `crop_volume_factors`
--

CREATE TABLE `crop_volume_factors` (
  `id` int(11) NOT NULL,
  `crop_name` varchar(100) NOT NULL,
  `volume_factor` decimal(3,2) NOT NULL,
  `category` enum('Vegetables','Fruits','Spices') NOT NULL,
  `is_active` tinyint(1) DEFAULT 1,
  `created_at` timestamp NOT NULL DEFAULT current_timestamp(),
  `updated_at` timestamp NOT NULL DEFAULT current_timestamp() ON UPDATE current_timestamp()
) ENGINE=InnoDB DEFAULT CHARSET=utf8mb4 COLLATE=utf8mb4_general_ci;

--
-- Dumping data for table `crop_volume_factors`
--

INSERT INTO `crop_volume_factors` (`id`, `crop_name`, `volume_factor`, `category`, `is_active`, `created_at`, `updated_at`) VALUES
(1, 'Carrot', 1.00, 'Vegetables', 1, '2026-01-24 14:32:37', '2026-01-24 14:32:37'),
(2, 'Potato', 1.00, 'Vegetables', 1, '2026-01-24 14:32:37', '2026-01-24 14:32:37'),
(3, 'Beetroot', 1.10, 'Vegetables', 1, '2026-01-24 14:32:37', '2026-01-24 14:32:37'),
(4, 'Radish', 1.00, 'Vegetables', 1, '2026-01-24 14:32:37', '2026-01-24 14:32:37'),
(5, 'Onion', 1.20, 'Vegetables', 1, '2026-01-24 14:32:37', '2026-01-24 14:32:37'),
(6, 'Garlic', 1.10, 'Vegetables', 1, '2026-01-24 14:32:37', '2026-01-24 14:32:37'),
(7, 'Tomato', 1.30, 'Vegetables', 1, '2026-01-24 14:32:37', '2026-01-24 14:32:37'),
(8, 'Capsicum', 1.50, 'Vegetables', 1, '2026-01-24 14:32:37', '2026-01-24 14:32:37'),
(9, 'Brinjal', 1.40, 'Vegetables', 1, '2026-01-24 14:32:37', '2026-01-24 14:32:37'),
(10, 'Beans', 1.20, 'Vegetables', 1, '2026-01-24 14:32:37', '2026-01-24 14:32:37'),
(11, 'Peas', 1.10, 'Vegetables', 1, '2026-01-24 14:32:37', '2026-01-24 14:32:37'),
(12, 'Cabbage', 1.60, 'Vegetables', 1, '2026-01-24 14:32:37', '2026-01-24 14:32:37'),
(13, 'Lettuce', 1.80, 'Vegetables', 1, '2026-01-24 14:32:37', '2026-01-24 14:32:37'),
(14, 'Spinach', 1.50, 'Vegetables', 1, '2026-01-24 14:32:37', '2026-01-24 14:32:37'),
(15, 'Leeks', 1.40, 'Vegetables', 1, '2026-01-24 14:32:37', '2026-01-24 14:32:37'),
(16, 'Pumpkin', 2.20, 'Vegetables', 1, '2026-01-24 14:32:37', '2026-01-24 14:32:37'),
(17, 'Butternut', 2.00, 'Vegetables', 1, '2026-01-24 14:32:37', '2026-01-24 14:32:37'),
(18, 'Cucumber', 1.40, 'Vegetables', 1, '2026-01-24 14:32:37', '2026-01-24 14:32:37'),
(19, 'Bitter Gourd', 1.30, 'Vegetables', 1, '2026-01-24 14:32:37', '2026-01-24 14:32:37'),
(20, 'Ridge Gourd', 1.50, 'Vegetables', 1, '2026-01-24 14:32:37', '2026-01-24 14:32:37'),
(21, 'Snake Gourd', 1.60, 'Vegetables', 1, '2026-01-24 14:32:37', '2026-01-24 14:32:37'),
(22, 'Okra', 1.30, 'Vegetables', 1, '2026-01-24 14:32:37', '2026-01-24 14:32:37'),
(23, 'Ash Plantain', 1.70, 'Vegetables', 1, '2026-01-24 14:32:37', '2026-01-24 14:32:37'),
(24, 'Banana', 1.60, 'Fruits', 1, '2026-01-24 14:32:37', '2026-01-24 14:32:37'),
(25, 'Papaya', 1.90, 'Fruits', 1, '2026-01-24 14:32:37', '2026-01-24 14:32:37'),
(26, 'Mango', 1.50, 'Fruits', 1, '2026-01-24 14:32:37', '2026-01-24 14:32:37'),
(27, 'Pineapple', 1.80, 'Fruits', 1, '2026-01-24 14:32:37', '2026-01-24 14:32:37'),
(28, 'Watermelon', 2.30, 'Fruits', 1, '2026-01-24 14:32:37', '2026-01-24 14:32:37'),
(29, 'Coconut', 1.90, 'Fruits', 1, '2026-01-24 14:32:37', '2026-01-24 14:32:37'),
(30, 'Avocado', 1.40, 'Fruits', 1, '2026-01-24 14:32:37', '2026-01-24 14:32:37'),
(31, 'Passion Fruit', 1.30, 'Fruits', 1, '2026-01-24 14:32:37', '2026-01-24 14:32:37'),
(32, 'Guava', 1.40, 'Fruits', 1, '2026-01-24 14:32:37', '2026-01-24 14:32:37'),
(33, 'Orange', 1.50, 'Fruits', 1, '2026-01-24 14:32:37', '2026-01-24 14:32:37'),
(34, 'Lime', 1.20, 'Fruits', 1, '2026-01-24 14:32:37', '2026-01-24 14:32:37'),
(35, 'Pomegranate', 1.50, 'Fruits', 1, '2026-01-24 14:32:37', '2026-01-24 14:32:37'),
(36, 'Dragon Fruit', 1.70, 'Fruits', 1, '2026-01-24 14:32:37', '2026-01-24 14:32:37'),
(37, 'Chili', 1.10, 'Spices', 1, '2026-01-24 14:32:37', '2026-01-24 14:32:37'),
(38, 'Ginger', 1.20, 'Spices', 1, '2026-01-24 14:32:37', '2026-01-24 14:32:37'),
(39, 'Turmeric', 1.10, 'Spices', 1, '2026-01-24 14:32:37', '2026-01-24 14:32:37'),
(40, 'Pepper', 0.90, 'Spices', 1, '2026-01-24 14:32:37', '2026-01-24 14:32:37'),
(41, 'Cinnamon', 0.80, 'Spices', 1, '2026-01-24 14:32:37', '2026-01-24 14:32:37'),
(42, 'Cardamom', 0.70, 'Spices', 1, '2026-01-24 14:32:37', '2026-01-24 14:32:37'),
(43, 'Cloves', 0.70, 'Spices', 1, '2026-01-24 14:32:37', '2026-01-24 14:32:37'),
(44, 'Nutmeg', 0.80, 'Spices', 1, '2026-01-24 14:32:37', '2026-01-24 14:32:37');

-- --------------------------------------------------------

--
-- Table structure for table `delivery_requests`
--

CREATE TABLE `delivery_requests` (
  `id` int(11) NOT NULL,
  `order_id` int(11) NOT NULL,
  `buyer_id` int(11) NOT NULL,
  `buyer_name` varchar(255) NOT NULL,
  `buyer_phone` varchar(20) NOT NULL,
  `buyer_address` text NOT NULL,
  `buyer_city` varchar(100) NOT NULL,
  `buyer_district_id` int(11) DEFAULT NULL,
  `farmer_id` int(11) NOT NULL,
  `farmer_name` varchar(255) NOT NULL,
  `farmer_phone` varchar(20) DEFAULT NULL,
  `farmer_address` text DEFAULT NULL,
  `farmer_city` varchar(100) DEFAULT NULL,
  `farmer_district_id` int(11) DEFAULT NULL,
  `total_weight_kg` decimal(10,2) NOT NULL,
  `shipping_fee` decimal(10,2) NOT NULL,
  `distance_km` decimal(10,2) DEFAULT NULL,
  `required_vehicle_type_id` int(11) DEFAULT NULL COMMENT 'Minimum vehicle type needed based on weight',
  `status` enum('pending','accepted','in_transit','delivered','cancelled') DEFAULT 'pending',
  `transporter_id` int(11) DEFAULT NULL COMMENT 'Assigned transporter',
  `accepted_at` timestamp NULL DEFAULT NULL,
  `created_at` timestamp NOT NULL DEFAULT current_timestamp(),
  `updated_at` timestamp NOT NULL DEFAULT current_timestamp() ON UPDATE current_timestamp()
) ENGINE=InnoDB DEFAULT CHARSET=utf8mb4 COLLATE=utf8mb4_unicode_ci;

--
-- Dumping data for table `delivery_requests`
--

INSERT INTO `delivery_requests` (`id`, `order_id`, `buyer_id`, `buyer_name`, `buyer_phone`, `buyer_address`, `buyer_city`, `buyer_district_id`, `farmer_id`, `farmer_name`, `farmer_phone`, `farmer_address`, `farmer_city`, `farmer_district_id`, `total_weight_kg`, `shipping_fee`, `distance_km`, `required_vehicle_type_id`, `status`, `transporter_id`, `accepted_at`, `created_at`, `updated_at`) VALUES
(2, 39, 11, 'Yomal Chandima', '0702242499', '35/445, Lake Road, Matale', 'Matale', 5, 9, 'sewni', NULL, NULL, 'Matale', 5, 30.00, 480.00, 24.00, 2, 'delivered', 28, '2026-04-04 00:39:26', '2026-04-04 00:39:26', '2026-04-04 01:40:11'),
(3, 40, 24, 'yomal', '0722222222', '', 'Matale', 5, 23, 'vonara', NULL, NULL, 'Matale', 5, 40.00, 620.00, 31.00, 2, 'in_transit', 28, '2026-04-04 00:39:26', '2026-04-04 00:39:26', '2026-04-04 00:39:26'),
(4, 42, 11, 'Yomal Chandima', '0702242499', '35/445, Lake Road, Matale', 'Matale', 5, 23, 'vonara', '', '', '', 1, 15.00, 1023.75, 142.00, 1, 'pending', NULL, NULL, '2026-04-04 01:45:07', '2026-04-04 01:45:07'),
(5, 43, 11, 'Yomal Chandima', '0702242499', '35/445, Lake Road, Matale', 'Matale', 5, 9, 'sewni', '', '', '', 1, 66.00, 522.90, 142.00, 2, 'in_transit', 28, '2026-04-04 05:16:05', '2026-04-04 01:45:39', '2026-04-04 19:07:09'),
(6, 44, 11, 'Yomal Chandima', '0702242499', '35/445, Lake Road, Matale', 'Matale', 5, 23, 'vonara', '0771234567', '', 'Kalutara', 3, 1.60, 1719.90, 185.00, 1, 'pending', NULL, NULL, '2026-04-04 18:21:22', '2026-04-04 18:21:22');

-- --------------------------------------------------------

--
-- Table structure for table `districts`
--

CREATE TABLE `districts` (
  `id` int(11) NOT NULL,
  `district_name` varchar(100) NOT NULL,
  `district_code` varchar(10) NOT NULL,
  `province` varchar(50) NOT NULL,
  `is_active` tinyint(1) DEFAULT 1,
  `created_at` timestamp NOT NULL DEFAULT current_timestamp()
) ENGINE=InnoDB DEFAULT CHARSET=utf8mb4 COLLATE=utf8mb4_general_ci;

--
-- Dumping data for table `districts`
--

INSERT INTO `districts` (`id`, `district_name`, `district_code`, `province`, `is_active`, `created_at`) VALUES
(1, 'Colombo', 'COL', 'Western', 1, '2026-01-24 14:33:58'),
(2, 'Gampaha', 'GAM', 'Western', 1, '2026-01-24 14:33:58'),
(3, 'Kalutara', 'KAL', 'Western', 1, '2026-01-24 14:33:58'),
(4, 'Kandy', 'KAN', 'Central', 1, '2026-01-24 14:33:58'),
(5, 'Matale', 'MAT', 'Central', 1, '2026-01-24 14:33:58'),
(6, 'Nuwara Eliya', 'NUW', 'Central', 1, '2026-01-24 14:33:58'),
(7, 'Galle', 'GAL', 'Southern', 1, '2026-01-24 14:33:58'),
(8, 'Matara', 'MATA', 'Southern', 1, '2026-01-24 14:33:58'),
(9, 'Hambantota', 'HAM', 'Southern', 1, '2026-01-24 14:33:58'),
(10, 'Jaffna', 'JAF', 'Northern', 1, '2026-01-24 14:33:58'),
(11, 'Kilinochchi', 'KIL', 'Northern', 1, '2026-01-24 14:33:58'),
(12, 'Mannar', 'MAN', 'Northern', 1, '2026-01-24 14:33:58'),
(13, 'Vavuniya', 'VAV', 'Northern', 1, '2026-01-24 14:33:58'),
(14, 'Mullaitivu', 'MUL', 'Northern', 1, '2026-01-24 14:33:58'),
(15, 'Batticaloa', 'BAT', 'Eastern', 1, '2026-01-24 14:33:58'),
(16, 'Ampara', 'AMP', 'Eastern', 1, '2026-01-24 14:33:58'),
(17, 'Trincomalee', 'TRI', 'Eastern', 1, '2026-01-24 14:33:58'),
(18, 'Kurunegala', 'KUR', 'North Western', 1, '2026-01-24 14:33:58'),
(19, 'Puttalam', 'PUT', 'North Western', 1, '2026-01-24 14:33:58'),
(20, 'Anuradhapura', 'ANU', 'North Central', 1, '2026-01-24 14:33:58'),
(21, 'Polonnaruwa', 'POL', 'North Central', 1, '2026-01-24 14:33:58'),
(22, 'Badulla', 'BAD', 'Uva', 1, '2026-01-24 14:33:58'),
(23, 'Monaragala', 'MON', 'Uva', 1, '2026-01-24 14:33:58'),
(24, 'Ratnapura', 'RAT', 'Sabaragamuwa', 1, '2026-01-24 14:33:58'),
(25, 'Kegalle', 'KEG', 'Sabaragamuwa', 1, '2026-01-24 14:33:58');

-- --------------------------------------------------------

--
-- Table structure for table `district_distances`
--

CREATE TABLE `district_distances` (
  `id` int(11) NOT NULL,
  `from_district_id` int(11) NOT NULL,
  `to_district_id` int(11) NOT NULL,
  `distance_km` int(11) NOT NULL,
  `created_at` timestamp NOT NULL DEFAULT current_timestamp(),
  `updated_at` timestamp NOT NULL DEFAULT current_timestamp() ON UPDATE current_timestamp()
) ENGINE=InnoDB DEFAULT CHARSET=utf8mb4 COLLATE=utf8mb4_general_ci;

--
-- Dumping data for table `district_distances`
--

INSERT INTO `district_distances` (`id`, `from_district_id`, `to_district_id`, `distance_km`, `created_at`, `updated_at`) VALUES
(1659, 1, 1, 0, '2026-01-25 06:33:52', '2026-01-25 06:33:52'),
(1660, 1, 2, 29, '2026-01-25 06:33:52', '2026-01-25 06:33:52'),
(1661, 1, 3, 43, '2026-01-25 06:33:52', '2026-01-25 06:33:52'),
(1662, 1, 4, 115, '2026-01-25 06:33:52', '2026-01-25 06:33:52'),
(1663, 1, 5, 142, '2026-01-25 06:33:52', '2026-01-25 06:33:52'),
(1664, 1, 6, 180, '2026-01-25 06:33:52', '2026-01-25 06:33:52'),
(1665, 1, 7, 119, '2026-01-25 06:33:52', '2026-01-25 06:33:52'),
(1666, 1, 8, 160, '2026-01-25 06:33:52', '2026-01-25 06:33:52'),
(1667, 1, 9, 237, '2026-01-25 06:33:52', '2026-01-25 06:33:52'),
(1668, 1, 10, 396, '2026-01-25 06:33:52', '2026-01-25 06:33:52'),
(1669, 1, 11, 310, '2026-01-25 06:33:52', '2026-01-25 06:33:52'),
(1670, 1, 12, 308, '2026-01-25 06:33:52', '2026-01-25 06:33:52'),
(1671, 1, 13, 261, '2026-01-25 06:33:52', '2026-01-25 06:33:52'),
(1672, 1, 14, 329, '2026-01-25 06:33:52', '2026-01-25 06:33:52'),
(1673, 1, 15, 297, '2026-01-25 06:33:52', '2026-01-25 06:33:52'),
(1674, 1, 16, 318, '2026-01-25 06:33:52', '2026-01-25 06:33:52'),
(1675, 1, 17, 257, '2026-01-25 06:33:52', '2026-01-25 06:33:52'),
(1676, 1, 18, 94, '2026-01-25 06:33:52', '2026-01-25 06:33:52'),
(1677, 1, 19, 128, '2026-01-25 06:33:52', '2026-01-25 06:33:52'),
(1678, 1, 20, 206, '2026-01-25 06:33:52', '2026-01-25 06:33:52'),
(1679, 1, 21, 216, '2026-01-25 06:33:52', '2026-01-25 06:33:52'),
(1680, 1, 22, 230, '2026-01-25 06:33:52', '2026-01-25 06:33:52'),
(1681, 1, 23, 275, '2026-01-25 06:33:52', '2026-01-25 06:33:52'),
(1682, 1, 24, 101, '2026-01-25 06:33:52', '2026-01-25 06:33:52'),
(1683, 1, 25, 80, '2026-01-25 06:33:52', '2026-01-25 06:33:52'),
(1684, 2, 1, 29, '2026-01-25 06:33:52', '2026-01-25 06:33:52'),
(1685, 2, 2, 0, '2026-01-25 06:33:52', '2026-01-25 06:33:52'),
(1686, 2, 3, 72, '2026-01-25 06:33:52', '2026-01-25 06:33:52'),
(1687, 2, 4, 144, '2026-01-25 06:33:52', '2026-01-25 06:33:52'),
(1688, 2, 5, 171, '2026-01-25 06:33:52', '2026-01-25 06:33:52'),
(1689, 2, 6, 209, '2026-01-25 06:33:52', '2026-01-25 06:33:52'),
(1690, 2, 7, 148, '2026-01-25 06:33:52', '2026-01-25 06:33:52'),
(1691, 2, 8, 189, '2026-01-25 06:33:52', '2026-01-25 06:33:52'),
(1692, 2, 9, 266, '2026-01-25 06:33:52', '2026-01-25 06:33:52'),
(1693, 2, 10, 425, '2026-01-25 06:33:52', '2026-01-25 06:33:52'),
(1694, 2, 11, 339, '2026-01-25 06:33:52', '2026-01-25 06:33:52'),
(1695, 2, 12, 337, '2026-01-25 06:33:52', '2026-01-25 06:33:52'),
(1696, 2, 13, 290, '2026-01-25 06:33:52', '2026-01-25 06:33:52'),
(1697, 2, 14, 358, '2026-01-25 06:33:52', '2026-01-25 06:33:52'),
(1698, 2, 15, 326, '2026-01-25 06:33:52', '2026-01-25 06:33:52'),
(1699, 2, 16, 347, '2026-01-25 06:33:52', '2026-01-25 06:33:52'),
(1700, 2, 17, 286, '2026-01-25 06:33:52', '2026-01-25 06:33:52'),
(1701, 2, 18, 123, '2026-01-25 06:33:52', '2026-01-25 06:33:52'),
(1702, 2, 19, 157, '2026-01-25 06:33:52', '2026-01-25 06:33:52'),
(1703, 2, 20, 235, '2026-01-25 06:33:52', '2026-01-25 06:33:52'),
(1704, 2, 21, 245, '2026-01-25 06:33:52', '2026-01-25 06:33:52'),
(1705, 2, 22, 259, '2026-01-25 06:33:52', '2026-01-25 06:33:52'),
(1706, 2, 23, 304, '2026-01-25 06:33:52', '2026-01-25 06:33:52'),
(1707, 2, 24, 130, '2026-01-25 06:33:52', '2026-01-25 06:33:52'),
(1708, 2, 25, 109, '2026-01-25 06:33:52', '2026-01-25 06:33:52'),
(1709, 3, 1, 43, '2026-01-25 06:33:52', '2026-01-25 06:33:52'),
(1710, 3, 2, 72, '2026-01-25 06:33:52', '2026-01-25 06:33:52'),
(1711, 3, 3, 0, '2026-01-25 06:33:52', '2026-01-25 06:33:52'),
(1712, 3, 4, 158, '2026-01-25 06:33:52', '2026-01-25 06:33:52'),
(1713, 3, 5, 185, '2026-01-25 06:33:52', '2026-01-25 06:33:52'),
(1714, 3, 6, 223, '2026-01-25 06:33:52', '2026-01-25 06:33:52'),
(1715, 3, 7, 76, '2026-01-25 06:33:52', '2026-01-25 06:33:52'),
(1716, 3, 8, 117, '2026-01-25 06:33:52', '2026-01-25 06:33:52'),
(1717, 3, 9, 194, '2026-01-25 06:33:52', '2026-01-25 06:33:52'),
(1718, 3, 10, 439, '2026-01-25 06:33:52', '2026-01-25 06:33:52'),
(1719, 3, 11, 353, '2026-01-25 06:33:52', '2026-01-25 06:33:52'),
(1720, 3, 12, 351, '2026-01-25 06:33:52', '2026-01-25 06:33:52'),
(1721, 3, 13, 304, '2026-01-25 06:33:52', '2026-01-25 06:33:52'),
(1722, 3, 14, 372, '2026-01-25 06:33:52', '2026-01-25 06:33:52'),
(1723, 3, 15, 340, '2026-01-25 06:33:52', '2026-01-25 06:33:52'),
(1724, 3, 16, 361, '2026-01-25 06:33:52', '2026-01-25 06:33:52'),
(1725, 3, 17, 300, '2026-01-25 06:33:52', '2026-01-25 06:33:52'),
(1726, 3, 18, 137, '2026-01-25 06:33:52', '2026-01-25 06:33:52'),
(1727, 3, 19, 171, '2026-01-25 06:33:52', '2026-01-25 06:33:52'),
(1728, 3, 20, 249, '2026-01-25 06:33:52', '2026-01-25 06:33:52'),
(1729, 3, 21, 259, '2026-01-25 06:33:52', '2026-01-25 06:33:52'),
(1730, 3, 22, 273, '2026-01-25 06:33:52', '2026-01-25 06:33:52'),
(1731, 3, 23, 318, '2026-01-25 06:33:52', '2026-01-25 06:33:52'),
(1732, 3, 24, 122, '2026-01-25 06:33:52', '2026-01-25 06:33:52'),
(1733, 3, 25, 123, '2026-01-25 06:33:52', '2026-01-25 06:33:52'),
(1734, 4, 1, 115, '2026-01-25 06:33:52', '2026-01-25 06:33:52'),
(1735, 4, 2, 144, '2026-01-25 06:33:52', '2026-01-25 06:33:52'),
(1736, 4, 3, 158, '2026-01-25 06:33:52', '2026-01-25 06:33:52'),
(1737, 4, 4, 0, '2026-01-25 06:33:52', '2026-01-25 06:33:52'),
(1738, 4, 5, 42, '2026-01-25 06:33:52', '2026-01-25 06:33:52'),
(1739, 4, 6, 77, '2026-01-25 06:33:52', '2026-01-25 06:33:52'),
(1740, 4, 7, 208, '2026-01-25 06:33:52', '2026-01-25 06:33:52'),
(1741, 4, 8, 249, '2026-01-25 06:33:52', '2026-01-25 06:33:52'),
(1742, 4, 9, 326, '2026-01-25 06:33:52', '2026-01-25 06:33:52'),
(1743, 4, 10, 311, '2026-01-25 06:33:52', '2026-01-25 06:33:52'),
(1744, 4, 11, 215, '2026-01-25 06:33:52', '2026-01-25 06:33:52'),
(1745, 4, 12, 213, '2026-01-25 06:33:52', '2026-01-25 06:33:52'),
(1746, 4, 13, 166, '2026-01-25 06:33:52', '2026-01-25 06:33:52'),
(1747, 4, 14, 234, '2026-01-25 06:33:52', '2026-01-25 06:33:52'),
(1748, 4, 15, 182, '2026-01-25 06:33:52', '2026-01-25 06:33:52'),
(1749, 4, 16, 203, '2026-01-25 06:33:52', '2026-01-25 06:33:52'),
(1750, 4, 17, 142, '2026-01-25 06:33:52', '2026-01-25 06:33:52'),
(1751, 4, 18, 59, '2026-01-25 06:33:52', '2026-01-25 06:33:52'),
(1752, 4, 19, 143, '2026-01-25 06:33:52', '2026-01-25 06:33:52'),
(1753, 4, 20, 106, '2026-01-25 06:33:52', '2026-01-25 06:33:52'),
(1754, 4, 21, 101, '2026-01-25 06:33:52', '2026-01-25 06:33:52'),
(1755, 4, 22, 95, '2026-01-25 06:33:52', '2026-01-25 06:33:52'),
(1756, 4, 23, 160, '2026-01-25 06:33:52', '2026-01-25 06:33:52'),
(1757, 4, 24, 103, '2026-01-25 06:33:52', '2026-01-25 06:33:52'),
(1758, 4, 25, 43, '2026-01-25 06:33:52', '2026-01-25 06:33:52'),
(1759, 5, 1, 142, '2026-01-25 06:33:52', '2026-01-25 06:33:52'),
(1760, 5, 2, 171, '2026-01-25 06:33:52', '2026-01-25 06:33:52'),
(1761, 5, 3, 185, '2026-01-25 06:33:52', '2026-01-25 06:33:52'),
(1762, 5, 4, 42, '2026-01-25 06:33:52', '2026-01-25 06:33:52'),
(1763, 5, 5, 0, '2026-01-25 06:33:52', '2026-01-25 06:33:52'),
(1764, 5, 6, 93, '2026-01-25 06:33:52', '2026-01-25 06:33:52'),
(1765, 5, 7, 261, '2026-01-25 06:33:52', '2026-01-25 06:33:52'),
(1766, 5, 8, 302, '2026-01-25 06:33:52', '2026-01-25 06:33:52'),
(1767, 5, 9, 379, '2026-01-25 06:33:52', '2026-01-25 06:33:52'),
(1768, 5, 10, 269, '2026-01-25 06:33:52', '2026-01-25 06:33:52'),
(1769, 5, 11, 183, '2026-01-25 06:33:52', '2026-01-25 06:33:52'),
(1770, 5, 12, 181, '2026-01-25 06:33:52', '2026-01-25 06:33:52'),
(1771, 5, 13, 134, '2026-01-25 06:33:52', '2026-01-25 06:33:52'),
(1772, 5, 14, 202, '2026-01-25 06:33:52', '2026-01-25 06:33:52'),
(1773, 5, 15, 160, '2026-01-25 06:33:52', '2026-01-25 06:33:52'),
(1774, 5, 16, 181, '2026-01-25 06:33:52', '2026-01-25 06:33:52'),
(1775, 5, 17, 120, '2026-01-25 06:33:52', '2026-01-25 06:33:52'),
(1776, 5, 18, 73, '2026-01-25 06:33:52', '2026-01-25 06:33:52'),
(1777, 5, 19, 157, '2026-01-25 06:33:52', '2026-01-25 06:33:52'),
(1778, 5, 20, 76, '2026-01-25 06:33:52', '2026-01-25 06:33:52'),
(1779, 5, 21, 79, '2026-01-25 06:33:52', '2026-01-25 06:33:52'),
(1780, 5, 22, 137, '2026-01-25 06:33:52', '2026-01-25 06:33:52'),
(1781, 5, 23, 202, '2026-01-25 06:33:52', '2026-01-25 06:33:52'),
(1782, 5, 24, 145, '2026-01-25 06:33:52', '2026-01-25 06:33:52'),
(1783, 5, 25, 85, '2026-01-25 06:33:52', '2026-01-25 06:33:52'),
(1784, 6, 1, 180, '2026-01-25 06:33:52', '2026-01-25 06:33:52'),
(1785, 6, 2, 209, '2026-01-25 06:33:52', '2026-01-25 06:33:52'),
(1786, 6, 3, 223, '2026-01-25 06:33:52', '2026-01-25 06:33:52'),
(1787, 6, 4, 77, '2026-01-25 06:33:52', '2026-01-25 06:33:52'),
(1788, 6, 5, 93, '2026-01-25 06:33:52', '2026-01-25 06:33:52'),
(1789, 6, 6, 0, '2026-01-25 06:33:52', '2026-01-25 06:33:52'),
(1790, 6, 7, 283, '2026-01-25 06:33:52', '2026-01-25 06:33:52'),
(1791, 6, 8, 324, '2026-01-25 06:33:52', '2026-01-25 06:33:52'),
(1792, 6, 9, 401, '2026-01-25 06:33:52', '2026-01-25 06:33:52'),
(1793, 6, 10, 388, '2026-01-25 06:33:52', '2026-01-25 06:33:52'),
(1794, 6, 11, 292, '2026-01-25 06:33:52', '2026-01-25 06:33:52'),
(1795, 6, 12, 290, '2026-01-25 06:33:52', '2026-01-25 06:33:52'),
(1796, 6, 13, 243, '2026-01-25 06:33:52', '2026-01-25 06:33:52'),
(1797, 6, 14, 311, '2026-01-25 06:33:52', '2026-01-25 06:33:52'),
(1798, 6, 15, 169, '2026-01-25 06:33:52', '2026-01-25 06:33:52'),
(1799, 6, 16, 190, '2026-01-25 06:33:52', '2026-01-25 06:33:52'),
(1800, 6, 17, 169, '2026-01-25 06:33:52', '2026-01-25 06:33:52'),
(1801, 6, 18, 136, '2026-01-25 06:33:52', '2026-01-25 06:33:52'),
(1802, 6, 19, 220, '2026-01-25 06:33:52', '2026-01-25 06:33:52'),
(1803, 6, 20, 183, '2026-01-25 06:33:52', '2026-01-25 06:33:52'),
(1804, 6, 21, 138, '2026-01-25 06:33:52', '2026-01-25 06:33:52'),
(1805, 6, 22, 78, '2026-01-25 06:33:52', '2026-01-25 06:33:52'),
(1806, 6, 23, 123, '2026-01-25 06:33:52', '2026-01-25 06:33:52'),
(1807, 6, 24, 198, '2026-01-25 06:33:52', '2026-01-25 06:33:52'),
(1808, 6, 25, 138, '2026-01-25 06:33:52', '2026-01-25 06:33:52'),
(1809, 7, 1, 119, '2026-01-25 06:33:52', '2026-01-25 06:33:52'),
(1810, 7, 2, 148, '2026-01-25 06:33:52', '2026-01-25 06:33:52'),
(1811, 7, 3, 76, '2026-01-25 06:33:52', '2026-01-25 06:33:52'),
(1812, 7, 4, 208, '2026-01-25 06:33:52', '2026-01-25 06:33:52'),
(1813, 7, 5, 261, '2026-01-25 06:33:52', '2026-01-25 06:33:52'),
(1814, 7, 6, 283, '2026-01-25 06:33:52', '2026-01-25 06:33:52'),
(1815, 7, 7, 0, '2026-01-25 06:33:52', '2026-01-25 06:33:52'),
(1816, 7, 8, 45, '2026-01-25 06:33:52', '2026-01-25 06:33:52'),
(1817, 7, 9, 118, '2026-01-25 06:33:52', '2026-01-25 06:33:52'),
(1818, 7, 10, 515, '2026-01-25 06:33:52', '2026-01-25 06:33:52'),
(1819, 7, 11, 429, '2026-01-25 06:33:52', '2026-01-25 06:33:52'),
(1820, 7, 12, 427, '2026-01-25 06:33:52', '2026-01-25 06:33:52'),
(1821, 7, 13, 380, '2026-01-25 06:33:52', '2026-01-25 06:33:52'),
(1822, 7, 14, 448, '2026-01-25 06:33:52', '2026-01-25 06:33:52'),
(1823, 7, 15, 416, '2026-01-25 06:33:52', '2026-01-25 06:33:52'),
(1824, 7, 16, 437, '2026-01-25 06:33:52', '2026-01-25 06:33:52'),
(1825, 7, 17, 376, '2026-01-25 06:33:52', '2026-01-25 06:33:52'),
(1826, 7, 18, 213, '2026-01-25 06:33:52', '2026-01-25 06:33:52'),
(1827, 7, 19, 247, '2026-01-25 06:33:52', '2026-01-25 06:33:52'),
(1828, 7, 20, 325, '2026-01-25 06:33:52', '2026-01-25 06:33:52'),
(1829, 7, 21, 335, '2026-01-25 06:33:52', '2026-01-25 06:33:52'),
(1830, 7, 22, 349, '2026-01-25 06:33:52', '2026-01-25 06:33:52'),
(1831, 7, 23, 394, '2026-01-25 06:33:52', '2026-01-25 06:33:52'),
(1832, 7, 24, 122, '2026-01-25 06:33:52', '2026-01-25 06:33:52'),
(1833, 7, 25, 199, '2026-01-25 06:33:52', '2026-01-25 06:33:52'),
(1834, 8, 1, 160, '2026-01-25 06:33:52', '2026-01-25 06:33:52'),
(1835, 8, 2, 189, '2026-01-25 06:33:52', '2026-01-25 06:33:52'),
(1836, 8, 3, 117, '2026-01-25 06:33:52', '2026-01-25 06:33:52'),
(1837, 8, 4, 249, '2026-01-25 06:33:52', '2026-01-25 06:33:52'),
(1838, 8, 5, 302, '2026-01-25 06:33:52', '2026-01-25 06:33:52'),
(1839, 8, 6, 324, '2026-01-25 06:33:52', '2026-01-25 06:33:52'),
(1840, 8, 7, 45, '2026-01-25 06:33:52', '2026-01-25 06:33:52'),
(1841, 8, 8, 0, '2026-01-25 06:33:52', '2026-01-25 06:33:52'),
(1842, 8, 9, 78, '2026-01-25 06:33:52', '2026-01-25 06:33:52'),
(1843, 8, 10, 556, '2026-01-25 06:33:52', '2026-01-25 06:33:52'),
(1844, 8, 11, 470, '2026-01-25 06:33:52', '2026-01-25 06:33:52'),
(1845, 8, 12, 468, '2026-01-25 06:33:52', '2026-01-25 06:33:52'),
(1846, 8, 13, 421, '2026-01-25 06:33:52', '2026-01-25 06:33:52'),
(1847, 8, 14, 489, '2026-01-25 06:33:52', '2026-01-25 06:33:52'),
(1848, 8, 15, 457, '2026-01-25 06:33:52', '2026-01-25 06:33:52'),
(1849, 8, 16, 478, '2026-01-25 06:33:52', '2026-01-25 06:33:52'),
(1850, 8, 17, 417, '2026-01-25 06:33:52', '2026-01-25 06:33:52'),
(1851, 8, 18, 254, '2026-01-25 06:33:52', '2026-01-25 06:33:52'),
(1852, 8, 19, 288, '2026-01-25 06:33:52', '2026-01-25 06:33:52'),
(1853, 8, 20, 366, '2026-01-25 06:33:52', '2026-01-25 06:33:52'),
(1854, 8, 21, 376, '2026-01-25 06:33:52', '2026-01-25 06:33:52'),
(1855, 8, 22, 390, '2026-01-25 06:33:52', '2026-01-25 06:33:52'),
(1856, 8, 23, 435, '2026-01-25 06:33:52', '2026-01-25 06:33:52'),
(1857, 8, 24, 163, '2026-01-25 06:33:52', '2026-01-25 06:33:52'),
(1858, 8, 25, 240, '2026-01-25 06:33:52', '2026-01-25 06:33:52'),
(1859, 9, 1, 237, '2026-01-25 06:33:52', '2026-01-25 06:33:52'),
(1860, 9, 2, 266, '2026-01-25 06:33:52', '2026-01-25 06:33:52'),
(1861, 9, 3, 194, '2026-01-25 06:33:52', '2026-01-25 06:33:52'),
(1862, 9, 4, 326, '2026-01-25 06:33:52', '2026-01-25 06:33:52'),
(1863, 9, 5, 379, '2026-01-25 06:33:52', '2026-01-25 06:33:52'),
(1864, 9, 6, 401, '2026-01-25 06:33:52', '2026-01-25 06:33:52'),
(1865, 9, 7, 118, '2026-01-25 06:33:52', '2026-01-25 06:33:52'),
(1866, 9, 8, 78, '2026-01-25 06:33:52', '2026-01-25 06:33:52'),
(1867, 9, 9, 0, '2026-01-25 06:33:52', '2026-01-25 06:33:52'),
(1868, 9, 10, 633, '2026-01-25 06:33:52', '2026-01-25 06:33:52'),
(1869, 9, 11, 547, '2026-01-25 06:33:52', '2026-01-25 06:33:52'),
(1870, 9, 12, 545, '2026-01-25 06:33:52', '2026-01-25 06:33:52'),
(1871, 9, 13, 498, '2026-01-25 06:33:52', '2026-01-25 06:33:52'),
(1872, 9, 14, 566, '2026-01-25 06:33:52', '2026-01-25 06:33:52'),
(1873, 9, 15, 534, '2026-01-25 06:33:52', '2026-01-25 06:33:52'),
(1874, 9, 16, 555, '2026-01-25 06:33:52', '2026-01-25 06:33:52'),
(1875, 9, 17, 494, '2026-01-25 06:33:52', '2026-01-25 06:33:52'),
(1876, 9, 18, 331, '2026-01-25 06:33:52', '2026-01-25 06:33:52'),
(1877, 9, 19, 365, '2026-01-25 06:33:52', '2026-01-25 06:33:52'),
(1878, 9, 20, 443, '2026-01-25 06:33:52', '2026-01-25 06:33:52'),
(1879, 9, 21, 453, '2026-01-25 06:33:52', '2026-01-25 06:33:52'),
(1880, 9, 22, 467, '2026-01-25 06:33:52', '2026-01-25 06:33:52'),
(1881, 9, 23, 512, '2026-01-25 06:33:52', '2026-01-25 06:33:52'),
(1882, 9, 24, 240, '2026-01-25 06:33:52', '2026-01-25 06:33:52'),
(1883, 9, 25, 317, '2026-01-25 06:33:52', '2026-01-25 06:33:52'),
(1884, 10, 1, 396, '2026-01-25 06:33:52', '2026-01-25 06:33:52'),
(1885, 10, 2, 425, '2026-01-25 06:33:52', '2026-01-25 06:33:52'),
(1886, 10, 3, 439, '2026-01-25 06:33:52', '2026-01-25 06:33:52'),
(1887, 10, 4, 311, '2026-01-25 06:33:52', '2026-01-25 06:33:52'),
(1888, 10, 5, 269, '2026-01-25 06:33:52', '2026-01-25 06:33:52'),
(1889, 10, 6, 388, '2026-01-25 06:33:52', '2026-01-25 06:33:52'),
(1890, 10, 7, 515, '2026-01-25 06:33:52', '2026-01-25 06:33:52'),
(1891, 10, 8, 556, '2026-01-25 06:33:52', '2026-01-25 06:33:52'),
(1892, 10, 9, 633, '2026-01-25 06:33:52', '2026-01-25 06:33:52'),
(1893, 10, 10, 0, '2026-01-25 06:33:52', '2026-01-25 06:33:52'),
(1894, 10, 11, 48, '2026-01-25 06:33:52', '2026-01-25 06:33:52'),
(1895, 10, 12, 146, '2026-01-25 06:33:52', '2026-01-25 06:33:52'),
(1896, 10, 13, 102, '2026-01-25 06:33:52', '2026-01-25 06:33:52'),
(1897, 10, 14, 68, '2026-01-25 06:33:52', '2026-01-25 06:33:52'),
(1898, 10, 15, 400, '2026-01-25 06:33:52', '2026-01-25 06:33:52'),
(1899, 10, 16, 421, '2026-01-25 06:33:52', '2026-01-25 06:33:52'),
(1900, 10, 17, 215, '2026-01-25 06:33:52', '2026-01-25 06:33:52'),
(1901, 10, 18, 302, '2026-01-25 06:33:52', '2026-01-25 06:33:52'),
(1902, 10, 19, 270, '2026-01-25 06:33:52', '2026-01-25 06:33:52'),
(1903, 10, 20, 190, '2026-01-25 06:33:52', '2026-01-25 06:33:52'),
(1904, 10, 21, 306, '2026-01-25 06:33:52', '2026-01-25 06:33:52'),
(1905, 10, 22, 406, '2026-01-25 06:33:52', '2026-01-25 06:33:52'),
(1906, 10, 23, 451, '2026-01-25 06:33:52', '2026-01-25 06:33:52'),
(1907, 10, 24, 497, '2026-01-25 06:33:52', '2026-01-25 06:33:52'),
(1908, 10, 25, 354, '2026-01-25 06:33:52', '2026-01-25 06:33:52'),
(1909, 11, 1, 310, '2026-01-25 06:33:52', '2026-01-25 06:33:52'),
(1910, 11, 2, 339, '2026-01-25 06:33:52', '2026-01-25 06:33:52'),
(1911, 11, 3, 353, '2026-01-25 06:33:52', '2026-01-25 06:33:52'),
(1912, 11, 4, 215, '2026-01-25 06:33:52', '2026-01-25 06:33:52'),
(1913, 11, 5, 183, '2026-01-25 06:33:52', '2026-01-25 06:33:52'),
(1914, 11, 6, 292, '2026-01-25 06:33:52', '2026-01-25 06:33:52'),
(1915, 11, 7, 429, '2026-01-25 06:33:52', '2026-01-25 06:33:52'),
(1916, 11, 8, 470, '2026-01-25 06:33:52', '2026-01-25 06:33:52'),
(1917, 11, 9, 547, '2026-01-25 06:33:52', '2026-01-25 06:33:52'),
(1918, 11, 10, 48, '2026-01-25 06:33:52', '2026-01-25 06:33:52'),
(1919, 11, 11, 0, '2026-01-25 06:33:52', '2026-01-25 06:33:52'),
(1920, 11, 12, 114, '2026-01-25 06:33:52', '2026-01-25 06:33:52'),
(1921, 11, 13, 60, '2026-01-25 06:33:52', '2026-01-25 06:33:52'),
(1922, 11, 14, 86, '2026-01-25 06:33:52', '2026-01-25 06:33:52'),
(1923, 11, 15, 314, '2026-01-25 06:33:52', '2026-01-25 06:33:52'),
(1924, 11, 16, 335, '2026-01-25 06:33:52', '2026-01-25 06:33:52'),
(1925, 11, 17, 178, '2026-01-25 06:33:52', '2026-01-25 06:33:52'),
(1926, 11, 18, 224, '2026-01-25 06:33:52', '2026-01-25 06:33:52'),
(1927, 11, 19, 224, '2026-01-25 06:33:52', '2026-01-25 06:33:52'),
(1928, 11, 20, 138, '2026-01-25 06:33:52', '2026-01-25 06:33:52'),
(1929, 11, 21, 234, '2026-01-25 06:33:52', '2026-01-25 06:33:52'),
(1930, 11, 22, 310, '2026-01-25 06:33:52', '2026-01-25 06:33:52'),
(1931, 11, 23, 355, '2026-01-25 06:33:52', '2026-01-25 06:33:52'),
(1932, 11, 24, 411, '2026-01-25 06:33:52', '2026-01-25 06:33:52'),
(1933, 11, 25, 268, '2026-01-25 06:33:52', '2026-01-25 06:33:52'),
(1934, 12, 1, 308, '2026-01-25 06:33:52', '2026-01-25 06:33:52'),
(1935, 12, 2, 337, '2026-01-25 06:33:52', '2026-01-25 06:33:52'),
(1936, 12, 3, 351, '2026-01-25 06:33:52', '2026-01-25 06:33:52'),
(1937, 12, 4, 213, '2026-01-25 06:33:52', '2026-01-25 06:33:52'),
(1938, 12, 5, 181, '2026-01-25 06:33:52', '2026-01-25 06:33:52'),
(1939, 12, 6, 290, '2026-01-25 06:33:52', '2026-01-25 06:33:52'),
(1940, 12, 7, 427, '2026-01-25 06:33:52', '2026-01-25 06:33:52'),
(1941, 12, 8, 468, '2026-01-25 06:33:52', '2026-01-25 06:33:52'),
(1942, 12, 9, 545, '2026-01-25 06:33:52', '2026-01-25 06:33:52'),
(1943, 12, 10, 146, '2026-01-25 06:33:52', '2026-01-25 06:33:52'),
(1944, 12, 11, 114, '2026-01-25 06:33:52', '2026-01-25 06:33:52'),
(1945, 12, 12, 0, '2026-01-25 06:33:52', '2026-01-25 06:33:52'),
(1946, 12, 13, 93, '2026-01-25 06:33:52', '2026-01-25 06:33:52'),
(1947, 12, 14, 176, '2026-01-25 06:33:52', '2026-01-25 06:33:52'),
(1948, 12, 15, 470, '2026-01-25 06:33:52', '2026-01-25 06:33:52'),
(1949, 12, 16, 491, '2026-01-25 06:33:52', '2026-01-25 06:33:52'),
(1950, 12, 17, 257, '2026-01-25 06:33:52', '2026-01-25 06:33:52'),
(1951, 12, 18, 222, '2026-01-25 06:33:52', '2026-01-25 06:33:52'),
(1952, 12, 19, 161, '2026-01-25 06:33:52', '2026-01-25 06:33:52'),
(1953, 12, 20, 161, '2026-01-25 06:33:52', '2026-01-25 06:33:52'),
(1954, 12, 21, 292, '2026-01-25 06:33:52', '2026-01-25 06:33:52'),
(1955, 12, 22, 308, '2026-01-25 06:33:52', '2026-01-25 06:33:52'),
(1956, 12, 23, 353, '2026-01-25 06:33:52', '2026-01-25 06:33:52'),
(1957, 12, 24, 409, '2026-01-25 06:33:52', '2026-01-25 06:33:52'),
(1958, 12, 25, 266, '2026-01-25 06:33:52', '2026-01-25 06:33:52'),
(1959, 13, 1, 261, '2026-01-25 06:33:52', '2026-01-25 06:33:52'),
(1960, 13, 2, 290, '2026-01-25 06:33:52', '2026-01-25 06:33:52'),
(1961, 13, 3, 304, '2026-01-25 06:33:52', '2026-01-25 06:33:52'),
(1962, 13, 4, 166, '2026-01-25 06:33:52', '2026-01-25 06:33:52'),
(1963, 13, 5, 134, '2026-01-25 06:33:52', '2026-01-25 06:33:52'),
(1964, 13, 6, 243, '2026-01-25 06:33:52', '2026-01-25 06:33:52'),
(1965, 13, 7, 380, '2026-01-25 06:33:52', '2026-01-25 06:33:52'),
(1966, 13, 8, 421, '2026-01-25 06:33:52', '2026-01-25 06:33:52'),
(1967, 13, 9, 498, '2026-01-25 06:33:52', '2026-01-25 06:33:52'),
(1968, 13, 10, 102, '2026-01-25 06:33:52', '2026-01-25 06:33:52'),
(1969, 13, 11, 60, '2026-01-25 06:33:52', '2026-01-25 06:33:52'),
(1970, 13, 12, 93, '2026-01-25 06:33:52', '2026-01-25 06:33:52'),
(1971, 13, 13, 0, '2026-01-25 06:33:52', '2026-01-25 06:33:52'),
(1972, 13, 14, 129, '2026-01-25 06:33:52', '2026-01-25 06:33:52'),
(1973, 13, 15, 267, '2026-01-25 06:33:52', '2026-01-25 06:33:52'),
(1974, 13, 16, 288, '2026-01-25 06:33:52', '2026-01-25 06:33:52'),
(1975, 13, 17, 129, '2026-01-25 06:33:52', '2026-01-25 06:33:52'),
(1976, 13, 18, 175, '2026-01-25 06:33:52', '2026-01-25 06:33:52'),
(1977, 13, 19, 175, '2026-01-25 06:33:52', '2026-01-25 06:33:52'),
(1978, 13, 20, 89, '2026-01-25 06:33:52', '2026-01-25 06:33:52'),
(1979, 13, 21, 185, '2026-01-25 06:33:52', '2026-01-25 06:33:52'),
(1980, 13, 22, 261, '2026-01-25 06:33:52', '2026-01-25 06:33:52'),
(1981, 13, 23, 306, '2026-01-25 06:33:52', '2026-01-25 06:33:52'),
(1982, 13, 24, 362, '2026-01-25 06:33:52', '2026-01-25 06:33:52'),
(1983, 13, 25, 219, '2026-01-25 06:33:52', '2026-01-25 06:33:52'),
(1984, 14, 1, 329, '2026-01-25 06:33:52', '2026-01-25 06:33:52'),
(1985, 14, 2, 358, '2026-01-25 06:33:52', '2026-01-25 06:33:52'),
(1986, 14, 3, 372, '2026-01-25 06:33:52', '2026-01-25 06:33:52'),
(1987, 14, 4, 234, '2026-01-25 06:33:52', '2026-01-25 06:33:52'),
(1988, 14, 5, 202, '2026-01-25 06:33:52', '2026-01-25 06:33:52'),
(1989, 14, 6, 311, '2026-01-25 06:33:52', '2026-01-25 06:33:52'),
(1990, 14, 7, 448, '2026-01-25 06:33:52', '2026-01-25 06:33:52'),
(1991, 14, 8, 489, '2026-01-25 06:33:52', '2026-01-25 06:33:52'),
(1992, 14, 9, 566, '2026-01-25 06:33:52', '2026-01-25 06:33:52'),
(1993, 14, 10, 68, '2026-01-25 06:33:52', '2026-01-25 06:33:52'),
(1994, 14, 11, 86, '2026-01-25 06:33:52', '2026-01-25 06:33:52'),
(1995, 14, 12, 176, '2026-01-25 06:33:52', '2026-01-25 06:33:52'),
(1996, 14, 13, 129, '2026-01-25 06:33:52', '2026-01-25 06:33:52'),
(1997, 14, 14, 0, '2026-01-25 06:33:52', '2026-01-25 06:33:52'),
(1998, 14, 15, 332, '2026-01-25 06:33:52', '2026-01-25 06:33:52'),
(1999, 14, 16, 353, '2026-01-25 06:33:52', '2026-01-25 06:33:52'),
(2000, 14, 17, 197, '2026-01-25 06:33:52', '2026-01-25 06:33:52'),
(2001, 14, 18, 243, '2026-01-25 06:33:52', '2026-01-25 06:33:52'),
(2002, 14, 19, 292, '2026-01-25 06:33:52', '2026-01-25 06:33:52'),
(2003, 14, 20, 157, '2026-01-25 06:33:52', '2026-01-25 06:33:52'),
(2004, 14, 21, 253, '2026-01-25 06:33:52', '2026-01-25 06:33:52'),
(2005, 14, 22, 329, '2026-01-25 06:33:52', '2026-01-25 06:33:52'),
(2006, 14, 23, 374, '2026-01-25 06:33:52', '2026-01-25 06:33:52'),
(2007, 14, 24, 430, '2026-01-25 06:33:52', '2026-01-25 06:33:52'),
(2008, 14, 25, 287, '2026-01-25 06:33:52', '2026-01-25 06:33:52'),
(2009, 15, 1, 297, '2026-01-25 06:33:52', '2026-01-25 06:33:52'),
(2010, 15, 2, 326, '2026-01-25 06:33:52', '2026-01-25 06:33:52'),
(2011, 15, 3, 340, '2026-01-25 06:33:52', '2026-01-25 06:33:52'),
(2012, 15, 4, 182, '2026-01-25 06:33:52', '2026-01-25 06:33:52'),
(2013, 15, 5, 160, '2026-01-25 06:33:52', '2026-01-25 06:33:52'),
(2014, 15, 6, 169, '2026-01-25 06:33:52', '2026-01-25 06:33:52'),
(2015, 15, 7, 416, '2026-01-25 06:33:52', '2026-01-25 06:33:52'),
(2016, 15, 8, 457, '2026-01-25 06:33:52', '2026-01-25 06:33:52'),
(2017, 15, 9, 534, '2026-01-25 06:33:52', '2026-01-25 06:33:52'),
(2018, 15, 10, 400, '2026-01-25 06:33:52', '2026-01-25 06:33:52'),
(2019, 15, 11, 314, '2026-01-25 06:33:52', '2026-01-25 06:33:52'),
(2020, 15, 12, 470, '2026-01-25 06:33:52', '2026-01-25 06:33:52'),
(2021, 15, 13, 267, '2026-01-25 06:33:52', '2026-01-25 06:33:52'),
(2022, 15, 14, 332, '2026-01-25 06:33:52', '2026-01-25 06:33:52'),
(2023, 15, 15, 0, '2026-01-25 06:33:52', '2026-01-25 06:33:52'),
(2024, 15, 16, 64, '2026-01-25 06:33:52', '2026-01-25 06:33:52'),
(2025, 15, 17, 69, '2026-01-25 06:33:52', '2026-01-25 06:33:52'),
(2026, 15, 18, 241, '2026-01-25 06:33:52', '2026-01-25 06:33:52'),
(2027, 15, 19, 369, '2026-01-25 06:33:52', '2026-01-25 06:33:52'),
(2028, 15, 20, 229, '2026-01-25 06:33:52', '2026-01-25 06:33:52'),
(2029, 15, 21, 166, '2026-01-25 06:33:52', '2026-01-25 06:33:52'),
(2030, 15, 22, 197, '2026-01-25 06:33:52', '2026-01-25 06:33:52'),
(2031, 15, 23, 164, '2026-01-25 06:33:52', '2026-01-25 06:33:52'),
(2032, 15, 24, 358, '2026-01-25 06:33:52', '2026-01-25 06:33:52'),
(2033, 15, 25, 255, '2026-01-25 06:33:52', '2026-01-25 06:33:52'),
(2034, 16, 1, 318, '2026-01-25 06:33:52', '2026-01-25 06:33:52'),
(2035, 16, 2, 347, '2026-01-25 06:33:52', '2026-01-25 06:33:52'),
(2036, 16, 3, 361, '2026-01-25 06:33:52', '2026-01-25 06:33:52'),
(2037, 16, 4, 203, '2026-01-25 06:33:52', '2026-01-25 06:33:52'),
(2038, 16, 5, 181, '2026-01-25 06:33:52', '2026-01-25 06:33:52'),
(2039, 16, 6, 190, '2026-01-25 06:33:52', '2026-01-25 06:33:52'),
(2040, 16, 7, 437, '2026-01-25 06:33:52', '2026-01-25 06:33:52'),
(2041, 16, 8, 478, '2026-01-25 06:33:52', '2026-01-25 06:33:52'),
(2042, 16, 9, 555, '2026-01-25 06:33:52', '2026-01-25 06:33:52'),
(2043, 16, 10, 421, '2026-01-25 06:33:52', '2026-01-25 06:33:52'),
(2044, 16, 11, 335, '2026-01-25 06:33:52', '2026-01-25 06:33:52'),
(2045, 16, 12, 491, '2026-01-25 06:33:52', '2026-01-25 06:33:52'),
(2046, 16, 13, 288, '2026-01-25 06:33:52', '2026-01-25 06:33:52'),
(2047, 16, 14, 353, '2026-01-25 06:33:52', '2026-01-25 06:33:52'),
(2048, 16, 15, 64, '2026-01-25 06:33:52', '2026-01-25 06:33:52'),
(2049, 16, 16, 0, '2026-01-25 06:33:52', '2026-01-25 06:33:52'),
(2050, 16, 17, 95, '2026-01-25 06:33:52', '2026-01-25 06:33:52'),
(2051, 16, 18, 262, '2026-01-25 06:33:52', '2026-01-25 06:33:52'),
(2052, 16, 19, 390, '2026-01-25 06:33:52', '2026-01-25 06:33:52'),
(2053, 16, 20, 250, '2026-01-25 06:33:52', '2026-01-25 06:33:52'),
(2054, 16, 21, 187, '2026-01-25 06:33:52', '2026-01-25 06:33:52'),
(2055, 16, 22, 166, '2026-01-25 06:33:52', '2026-01-25 06:33:52'),
(2056, 16, 23, 85, '2026-01-25 06:33:52', '2026-01-25 06:33:52'),
(2057, 16, 24, 379, '2026-01-25 06:33:52', '2026-01-25 06:33:52'),
(2058, 16, 25, 276, '2026-01-25 06:33:52', '2026-01-25 06:33:52'),
(2059, 17, 1, 257, '2026-01-25 06:33:52', '2026-01-25 06:33:52'),
(2060, 17, 2, 286, '2026-01-25 06:33:52', '2026-01-25 06:33:52'),
(2061, 17, 3, 300, '2026-01-25 06:33:52', '2026-01-25 06:33:52'),
(2062, 17, 4, 142, '2026-01-25 06:33:52', '2026-01-25 06:33:52'),
(2063, 17, 5, 120, '2026-01-25 06:33:52', '2026-01-25 06:33:52'),
(2064, 17, 6, 169, '2026-01-25 06:33:52', '2026-01-25 06:33:52'),
(2065, 17, 7, 376, '2026-01-25 06:33:52', '2026-01-25 06:33:52'),
(2066, 17, 8, 417, '2026-01-25 06:33:52', '2026-01-25 06:33:52'),
(2067, 17, 9, 494, '2026-01-25 06:33:52', '2026-01-25 06:33:52'),
(2068, 17, 10, 215, '2026-01-25 06:33:52', '2026-01-25 06:33:52'),
(2069, 17, 11, 178, '2026-01-25 06:33:52', '2026-01-25 06:33:52'),
(2070, 17, 12, 257, '2026-01-25 06:33:52', '2026-01-25 06:33:52'),
(2071, 17, 13, 129, '2026-01-25 06:33:52', '2026-01-25 06:33:52'),
(2072, 17, 14, 197, '2026-01-25 06:33:52', '2026-01-25 06:33:52'),
(2073, 17, 15, 69, '2026-01-25 06:33:52', '2026-01-25 06:33:52'),
(2074, 17, 16, 95, '2026-01-25 06:33:52', '2026-01-25 06:33:52'),
(2075, 17, 17, 0, '2026-01-25 06:33:52', '2026-01-25 06:33:52'),
(2076, 17, 18, 201, '2026-01-25 06:33:52', '2026-01-25 06:33:52'),
(2077, 17, 19, 285, '2026-01-25 06:33:52', '2026-01-25 06:33:52'),
(2078, 17, 20, 144, '2026-01-25 06:33:52', '2026-01-25 06:33:52'),
(2079, 17, 21, 103, '2026-01-25 06:33:52', '2026-01-25 06:33:52'),
(2080, 17, 22, 195, '2026-01-25 06:33:52', '2026-01-25 06:33:52'),
(2081, 17, 23, 240, '2026-01-25 06:33:52', '2026-01-25 06:33:52'),
(2082, 17, 24, 318, '2026-01-25 06:33:52', '2026-01-25 06:33:52'),
(2083, 17, 25, 215, '2026-01-25 06:33:52', '2026-01-25 06:33:52'),
(2084, 18, 1, 94, '2026-01-25 06:33:52', '2026-01-25 06:33:52'),
(2085, 18, 2, 123, '2026-01-25 06:33:52', '2026-01-25 06:33:52'),
(2086, 18, 3, 137, '2026-01-25 06:33:52', '2026-01-25 06:33:52'),
(2087, 18, 4, 59, '2026-01-25 06:33:52', '2026-01-25 06:33:52'),
(2088, 18, 5, 73, '2026-01-25 06:33:52', '2026-01-25 06:33:52'),
(2089, 18, 6, 136, '2026-01-25 06:33:52', '2026-01-25 06:33:52'),
(2090, 18, 7, 213, '2026-01-25 06:33:52', '2026-01-25 06:33:52'),
(2091, 18, 8, 254, '2026-01-25 06:33:52', '2026-01-25 06:33:52'),
(2092, 18, 9, 331, '2026-01-25 06:33:52', '2026-01-25 06:33:52'),
(2093, 18, 10, 302, '2026-01-25 06:33:52', '2026-01-25 06:33:52'),
(2094, 18, 11, 224, '2026-01-25 06:33:52', '2026-01-25 06:33:52'),
(2095, 18, 12, 222, '2026-01-25 06:33:52', '2026-01-25 06:33:52'),
(2096, 18, 13, 175, '2026-01-25 06:33:52', '2026-01-25 06:33:52'),
(2097, 18, 14, 243, '2026-01-25 06:33:52', '2026-01-25 06:33:52'),
(2098, 18, 15, 241, '2026-01-25 06:33:52', '2026-01-25 06:33:52'),
(2099, 18, 16, 262, '2026-01-25 06:33:52', '2026-01-25 06:33:52'),
(2100, 18, 17, 201, '2026-01-25 06:33:52', '2026-01-25 06:33:52'),
(2101, 18, 18, 0, '2026-01-25 06:33:52', '2026-01-25 06:33:52'),
(2102, 18, 19, 72, '2026-01-25 06:33:52', '2026-01-25 06:33:52'),
(2103, 18, 20, 85, '2026-01-25 06:33:52', '2026-01-25 06:33:52'),
(2104, 18, 21, 160, '2026-01-25 06:33:52', '2026-01-25 06:33:52'),
(2105, 18, 22, 154, '2026-01-25 06:33:52', '2026-01-25 06:33:52'),
(2106, 18, 23, 209, '2026-01-25 06:33:52', '2026-01-25 06:33:52'),
(2107, 18, 24, 125, '2026-01-25 06:33:52', '2026-01-25 06:33:52'),
(2108, 18, 25, 48, '2026-01-25 06:33:52', '2026-01-25 06:33:52'),
(2109, 19, 1, 128, '2026-01-25 06:33:52', '2026-01-25 06:33:52'),
(2110, 19, 2, 157, '2026-01-25 06:33:52', '2026-01-25 06:33:52'),
(2111, 19, 3, 171, '2026-01-25 06:33:52', '2026-01-25 06:33:52'),
(2112, 19, 4, 143, '2026-01-25 06:33:52', '2026-01-25 06:33:52'),
(2113, 19, 5, 157, '2026-01-25 06:33:52', '2026-01-25 06:33:52'),
(2114, 19, 6, 220, '2026-01-25 06:33:52', '2026-01-25 06:33:52'),
(2115, 19, 7, 247, '2026-01-25 06:33:52', '2026-01-25 06:33:52'),
(2116, 19, 8, 288, '2026-01-25 06:33:52', '2026-01-25 06:33:52'),
(2117, 19, 9, 365, '2026-01-25 06:33:52', '2026-01-25 06:33:52'),
(2118, 19, 10, 270, '2026-01-25 06:33:52', '2026-01-25 06:33:52'),
(2119, 19, 11, 224, '2026-01-25 06:33:52', '2026-01-25 06:33:52'),
(2120, 19, 12, 161, '2026-01-25 06:33:52', '2026-01-25 06:33:52'),
(2121, 19, 13, 175, '2026-01-25 06:33:52', '2026-01-25 06:33:52'),
(2122, 19, 14, 292, '2026-01-25 06:33:52', '2026-01-25 06:33:52'),
(2123, 19, 15, 369, '2026-01-25 06:33:52', '2026-01-25 06:33:52'),
(2124, 19, 16, 390, '2026-01-25 06:33:52', '2026-01-25 06:33:52'),
(2125, 19, 17, 285, '2026-01-25 06:33:52', '2026-01-25 06:33:52'),
(2126, 19, 18, 72, '2026-01-25 06:33:52', '2026-01-25 06:33:52'),
(2127, 19, 19, 0, '2026-01-25 06:33:52', '2026-01-25 06:33:52'),
(2128, 19, 20, 153, '2026-01-25 06:33:52', '2026-01-25 06:33:52'),
(2129, 19, 21, 244, '2026-01-25 06:33:52', '2026-01-25 06:33:52'),
(2130, 19, 22, 238, '2026-01-25 06:33:52', '2026-01-25 06:33:52'),
(2131, 19, 23, 293, '2026-01-25 06:33:52', '2026-01-25 06:33:52'),
(2132, 19, 24, 199, '2026-01-25 06:33:52', '2026-01-25 06:33:52'),
(2133, 19, 25, 120, '2026-01-25 06:33:52', '2026-01-25 06:33:52'),
(2134, 20, 1, 206, '2026-01-25 06:33:52', '2026-01-25 06:33:52'),
(2135, 20, 2, 235, '2026-01-25 06:33:52', '2026-01-25 06:33:52'),
(2136, 20, 3, 249, '2026-01-25 06:33:52', '2026-01-25 06:33:52'),
(2137, 20, 4, 106, '2026-01-25 06:33:52', '2026-01-25 06:33:52'),
(2138, 20, 5, 76, '2026-01-25 06:33:52', '2026-01-25 06:33:52'),
(2139, 20, 6, 183, '2026-01-25 06:33:52', '2026-01-25 06:33:52'),
(2140, 20, 7, 325, '2026-01-25 06:33:52', '2026-01-25 06:33:52'),
(2141, 20, 8, 366, '2026-01-25 06:33:52', '2026-01-25 06:33:52'),
(2142, 20, 9, 443, '2026-01-25 06:33:52', '2026-01-25 06:33:52'),
(2143, 20, 10, 190, '2026-01-25 06:33:52', '2026-01-25 06:33:52'),
(2144, 20, 11, 138, '2026-01-25 06:33:52', '2026-01-25 06:33:52'),
(2145, 20, 12, 161, '2026-01-25 06:33:52', '2026-01-25 06:33:52'),
(2146, 20, 13, 89, '2026-01-25 06:33:52', '2026-01-25 06:33:52'),
(2147, 20, 14, 157, '2026-01-25 06:33:52', '2026-01-25 06:33:52'),
(2148, 20, 15, 229, '2026-01-25 06:33:52', '2026-01-25 06:33:52'),
(2149, 20, 16, 250, '2026-01-25 06:33:52', '2026-01-25 06:33:52'),
(2150, 20, 17, 144, '2026-01-25 06:33:52', '2026-01-25 06:33:52'),
(2151, 20, 18, 85, '2026-01-25 06:33:52', '2026-01-25 06:33:52'),
(2152, 20, 19, 153, '2026-01-25 06:33:52', '2026-01-25 06:33:52'),
(2153, 20, 20, 0, '2026-01-25 06:33:52', '2026-01-25 06:33:52'),
(2154, 20, 21, 104, '2026-01-25 06:33:52', '2026-01-25 06:33:52'),
(2155, 20, 22, 201, '2026-01-25 06:33:52', '2026-01-25 06:33:52'),
(2156, 20, 23, 266, '2026-01-25 06:33:52', '2026-01-25 06:33:52'),
(2157, 20, 24, 307, '2026-01-25 06:33:52', '2026-01-25 06:33:52'),
(2158, 20, 25, 164, '2026-01-25 06:33:52', '2026-01-25 06:33:52'),
(2159, 21, 1, 216, '2026-01-25 06:33:52', '2026-01-25 06:33:52'),
(2160, 21, 2, 245, '2026-01-25 06:33:52', '2026-01-25 06:33:52'),
(2161, 21, 3, 259, '2026-01-25 06:33:52', '2026-01-25 06:33:52'),
(2162, 21, 4, 101, '2026-01-25 06:33:52', '2026-01-25 06:33:52'),
(2163, 21, 5, 79, '2026-01-25 06:33:52', '2026-01-25 06:33:52'),
(2164, 21, 6, 138, '2026-01-25 06:33:52', '2026-01-25 06:33:52'),
(2165, 21, 7, 335, '2026-01-25 06:33:52', '2026-01-25 06:33:52'),
(2166, 21, 8, 376, '2026-01-25 06:33:52', '2026-01-25 06:33:52'),
(2167, 21, 9, 453, '2026-01-25 06:33:52', '2026-01-25 06:33:52'),
(2168, 21, 10, 306, '2026-01-25 06:33:52', '2026-01-25 06:33:52'),
(2169, 21, 11, 234, '2026-01-25 06:33:52', '2026-01-25 06:33:52'),
(2170, 21, 12, 292, '2026-01-25 06:33:52', '2026-01-25 06:33:52'),
(2171, 21, 13, 185, '2026-01-25 06:33:52', '2026-01-25 06:33:52'),
(2172, 21, 14, 253, '2026-01-25 06:33:52', '2026-01-25 06:33:52'),
(2173, 21, 15, 166, '2026-01-25 06:33:52', '2026-01-25 06:33:52'),
(2174, 21, 16, 187, '2026-01-25 06:33:52', '2026-01-25 06:33:52'),
(2175, 21, 17, 103, '2026-01-25 06:33:52', '2026-01-25 06:33:52'),
(2176, 21, 18, 160, '2026-01-25 06:33:52', '2026-01-25 06:33:52'),
(2177, 21, 19, 244, '2026-01-25 06:33:52', '2026-01-25 06:33:52'),
(2178, 21, 20, 104, '2026-01-25 06:33:52', '2026-01-25 06:33:52'),
(2179, 21, 21, 0, '2026-01-25 06:33:52', '2026-01-25 06:33:52'),
(2180, 21, 22, 160, '2026-01-25 06:33:52', '2026-01-25 06:33:52'),
(2181, 21, 23, 225, '2026-01-25 06:33:52', '2026-01-25 06:33:52'),
(2182, 21, 24, 317, '2026-01-25 06:33:52', '2026-01-25 06:33:52'),
(2183, 21, 25, 174, '2026-01-25 06:33:52', '2026-01-25 06:33:52'),
(2184, 22, 1, 230, '2026-01-25 06:33:52', '2026-01-25 06:33:52'),
(2185, 22, 2, 259, '2026-01-25 06:33:52', '2026-01-25 06:33:52'),
(2186, 22, 3, 273, '2026-01-25 06:33:52', '2026-01-25 06:33:52'),
(2187, 22, 4, 95, '2026-01-25 06:33:52', '2026-01-25 06:33:52'),
(2188, 22, 5, 137, '2026-01-25 06:33:52', '2026-01-25 06:33:52'),
(2189, 22, 6, 78, '2026-01-25 06:33:52', '2026-01-25 06:33:52'),
(2190, 22, 7, 349, '2026-01-25 06:33:52', '2026-01-25 06:33:52'),
(2191, 22, 8, 390, '2026-01-25 06:33:52', '2026-01-25 06:33:52'),
(2192, 22, 9, 467, '2026-01-25 06:33:52', '2026-01-25 06:33:52'),
(2193, 22, 10, 406, '2026-01-25 06:33:52', '2026-01-25 06:33:52'),
(2194, 22, 11, 310, '2026-01-25 06:33:52', '2026-01-25 06:33:52'),
(2195, 22, 12, 308, '2026-01-25 06:33:52', '2026-01-25 06:33:52'),
(2196, 22, 13, 261, '2026-01-25 06:33:52', '2026-01-25 06:33:52'),
(2197, 22, 14, 329, '2026-01-25 06:33:52', '2026-01-25 06:33:52'),
(2198, 22, 15, 197, '2026-01-25 06:33:52', '2026-01-25 06:33:52'),
(2199, 22, 16, 166, '2026-01-25 06:33:52', '2026-01-25 06:33:52'),
(2200, 22, 17, 195, '2026-01-25 06:33:52', '2026-01-25 06:33:52'),
(2201, 22, 18, 154, '2026-01-25 06:33:52', '2026-01-25 06:33:52'),
(2202, 22, 19, 238, '2026-01-25 06:33:52', '2026-01-25 06:33:52'),
(2203, 22, 20, 201, '2026-01-25 06:33:52', '2026-01-25 06:33:52'),
(2204, 22, 21, 160, '2026-01-25 06:33:52', '2026-01-25 06:33:52'),
(2205, 22, 22, 0, '2026-01-25 06:33:52', '2026-01-25 06:33:52'),
(2206, 22, 23, 85, '2026-01-25 06:33:52', '2026-01-25 06:33:52'),
(2207, 22, 24, 198, '2026-01-25 06:33:52', '2026-01-25 06:33:52'),
(2208, 22, 25, 138, '2026-01-25 06:33:52', '2026-01-25 06:33:52'),
(2209, 23, 1, 275, '2026-01-25 06:33:52', '2026-01-25 06:33:52'),
(2210, 23, 2, 304, '2026-01-25 06:33:52', '2026-01-25 06:33:52'),
(2211, 23, 3, 318, '2026-01-25 06:33:52', '2026-01-25 06:33:52'),
(2212, 23, 4, 160, '2026-01-25 06:33:52', '2026-01-25 06:33:52'),
(2213, 23, 5, 202, '2026-01-25 06:33:52', '2026-01-25 06:33:52'),
(2214, 23, 6, 123, '2026-01-25 06:33:52', '2026-01-25 06:33:52'),
(2215, 23, 7, 394, '2026-01-25 06:33:52', '2026-01-25 06:33:52'),
(2216, 23, 8, 435, '2026-01-25 06:33:52', '2026-01-25 06:33:52'),
(2217, 23, 9, 512, '2026-01-25 06:33:52', '2026-01-25 06:33:52'),
(2218, 23, 10, 451, '2026-01-25 06:33:52', '2026-01-25 06:33:52'),
(2219, 23, 11, 355, '2026-01-25 06:33:52', '2026-01-25 06:33:52'),
(2220, 23, 12, 353, '2026-01-25 06:33:52', '2026-01-25 06:33:52'),
(2221, 23, 13, 306, '2026-01-25 06:33:52', '2026-01-25 06:33:52'),
(2222, 23, 14, 374, '2026-01-25 06:33:52', '2026-01-25 06:33:52'),
(2223, 23, 15, 164, '2026-01-25 06:33:52', '2026-01-25 06:33:52'),
(2224, 23, 16, 85, '2026-01-25 06:33:52', '2026-01-25 06:33:52'),
(2225, 23, 17, 240, '2026-01-25 06:33:52', '2026-01-25 06:33:52'),
(2226, 23, 18, 209, '2026-01-25 06:33:52', '2026-01-25 06:33:52'),
(2227, 23, 19, 293, '2026-01-25 06:33:52', '2026-01-25 06:33:52'),
(2228, 23, 20, 266, '2026-01-25 06:33:52', '2026-01-25 06:33:52'),
(2229, 23, 21, 225, '2026-01-25 06:33:52', '2026-01-25 06:33:52'),
(2230, 23, 22, 85, '2026-01-25 06:33:52', '2026-01-25 06:33:52'),
(2231, 23, 23, 0, '2026-01-25 06:33:52', '2026-01-25 06:33:52'),
(2232, 23, 24, 243, '2026-01-25 06:33:52', '2026-01-25 06:33:52'),
(2233, 23, 25, 183, '2026-01-25 06:33:52', '2026-01-25 06:33:52'),
(2234, 24, 1, 101, '2026-01-25 06:33:52', '2026-01-25 06:33:52'),
(2235, 24, 2, 130, '2026-01-25 06:33:52', '2026-01-25 06:33:52'),
(2236, 24, 3, 122, '2026-01-25 06:33:52', '2026-01-25 06:33:52'),
(2237, 24, 4, 103, '2026-01-25 06:33:52', '2026-01-25 06:33:52'),
(2238, 24, 5, 145, '2026-01-25 06:33:52', '2026-01-25 06:33:52'),
(2239, 24, 6, 198, '2026-01-25 06:33:52', '2026-01-25 06:33:52'),
(2240, 24, 7, 122, '2026-01-25 06:33:52', '2026-01-25 06:33:52'),
(2241, 24, 8, 163, '2026-01-25 06:33:52', '2026-01-25 06:33:52'),
(2242, 24, 9, 240, '2026-01-25 06:33:52', '2026-01-25 06:33:52'),
(2243, 24, 10, 497, '2026-01-25 06:33:52', '2026-01-25 06:33:52'),
(2244, 24, 11, 411, '2026-01-25 06:33:52', '2026-01-25 06:33:52'),
(2245, 24, 12, 409, '2026-01-25 06:33:52', '2026-01-25 06:33:52'),
(2246, 24, 13, 362, '2026-01-25 06:33:52', '2026-01-25 06:33:52'),
(2247, 24, 14, 430, '2026-01-25 06:33:52', '2026-01-25 06:33:52'),
(2248, 24, 15, 358, '2026-01-25 06:33:52', '2026-01-25 06:33:52'),
(2249, 24, 16, 379, '2026-01-25 06:33:52', '2026-01-25 06:33:52'),
(2250, 24, 17, 318, '2026-01-25 06:33:52', '2026-01-25 06:33:52'),
(2251, 24, 18, 125, '2026-01-25 06:33:52', '2026-01-25 06:33:52'),
(2252, 24, 19, 199, '2026-01-25 06:33:52', '2026-01-25 06:33:52'),
(2253, 24, 20, 307, '2026-01-25 06:33:52', '2026-01-25 06:33:52'),
(2254, 24, 21, 317, '2026-01-25 06:33:52', '2026-01-25 06:33:52'),
(2255, 24, 22, 198, '2026-01-25 06:33:52', '2026-01-25 06:33:52'),
(2256, 24, 23, 243, '2026-01-25 06:33:52', '2026-01-25 06:33:52'),
(2257, 24, 24, 0, '2026-01-25 06:33:52', '2026-01-25 06:33:52'),
(2258, 24, 25, 48, '2026-01-25 06:33:52', '2026-01-25 06:33:52'),
(2259, 25, 1, 80, '2026-01-25 06:33:52', '2026-01-25 06:33:52'),
(2260, 25, 2, 109, '2026-01-25 06:33:52', '2026-01-25 06:33:52'),
(2261, 25, 3, 123, '2026-01-25 06:33:52', '2026-01-25 06:33:52'),
(2262, 25, 4, 43, '2026-01-25 06:33:52', '2026-01-25 06:33:52'),
(2263, 25, 5, 85, '2026-01-25 06:33:52', '2026-01-25 06:33:52'),
(2264, 25, 6, 138, '2026-01-25 06:33:52', '2026-01-25 06:33:52'),
(2265, 25, 7, 199, '2026-01-25 06:33:52', '2026-01-25 06:33:52'),
(2266, 25, 8, 240, '2026-01-25 06:33:52', '2026-01-25 06:33:52'),
(2267, 25, 9, 317, '2026-01-25 06:33:52', '2026-01-25 06:33:52'),
(2268, 25, 10, 354, '2026-01-25 06:33:52', '2026-01-25 06:33:52'),
(2269, 25, 11, 268, '2026-01-25 06:33:52', '2026-01-25 06:33:52'),
(2270, 25, 12, 266, '2026-01-25 06:33:52', '2026-01-25 06:33:52'),
(2271, 25, 13, 219, '2026-01-25 06:33:52', '2026-01-25 06:33:52'),
(2272, 25, 14, 287, '2026-01-25 06:33:52', '2026-01-25 06:33:52'),
(2273, 25, 15, 255, '2026-01-25 06:33:52', '2026-01-25 06:33:52'),
(2274, 25, 16, 276, '2026-01-25 06:33:52', '2026-01-25 06:33:52'),
(2275, 25, 17, 215, '2026-01-25 06:33:52', '2026-01-25 06:33:52'),
(2276, 25, 18, 48, '2026-01-25 06:33:52', '2026-01-25 06:33:52'),
(2277, 25, 19, 120, '2026-01-25 06:33:52', '2026-01-25 06:33:52'),
(2278, 25, 20, 164, '2026-01-25 06:33:52', '2026-01-25 06:33:52'),
(2279, 25, 21, 174, '2026-01-25 06:33:52', '2026-01-25 06:33:52'),
(2280, 25, 22, 138, '2026-01-25 06:33:52', '2026-01-25 06:33:52'),
(2281, 25, 23, 183, '2026-01-25 06:33:52', '2026-01-25 06:33:52'),
(2282, 25, 24, 48, '2026-01-25 06:33:52', '2026-01-25 06:33:52'),
(2283, 25, 25, 0, '2026-01-25 06:33:52', '2026-01-25 06:33:52');

-- --------------------------------------------------------

--
-- Table structure for table `farmer_profiles`
--

CREATE TABLE `farmer_profiles` (
  `id` int(11) NOT NULL,
  `user_id` int(11) NOT NULL,
  `phone` varchar(20) DEFAULT NULL,
  `district` varchar(100) DEFAULT NULL,
  `crops_selling` text DEFAULT NULL,
  `full_address` text DEFAULT NULL,
  `profile_photo` varchar(255) DEFAULT NULL,
  `created_at` timestamp NOT NULL DEFAULT current_timestamp(),
  `updated_at` timestamp NOT NULL DEFAULT current_timestamp() ON UPDATE current_timestamp()
) ENGINE=InnoDB DEFAULT CHARSET=utf8mb4 COLLATE=utf8mb4_general_ci;

--
-- Dumping data for table `farmer_profiles`
--

INSERT INTO `farmer_profiles` (`id`, `user_id`, `phone`, `district`, `crops_selling`, `full_address`, `profile_photo`, `created_at`, `updated_at`) VALUES
(1, 9, '', 'Kalutara', '', '', 'profile_photo_9_1775280040_a80dcc83.jpeg', '2026-01-08 06:06:28', '2026-04-04 05:33:15'),
(3, 23, '0771234567', 'Kalutara', '', '', 'profile_photo_23_1775301617_d2f59ce8.jpeg', '2026-02-08 15:27:51', '2026-04-04 11:20:17');

-- --------------------------------------------------------

--
-- Table structure for table `orders`
--

CREATE TABLE `orders` (
  `id` int(11) NOT NULL,
  `buyer_id` int(11) NOT NULL,
  `total_amount` decimal(10,2) NOT NULL COMMENT 'Product total before shipping',
  `shipping_cost` decimal(10,2) NOT NULL DEFAULT 0.00,
  `order_total` decimal(10,2) NOT NULL COMMENT 'Total including shipping',
  `total_weight_kg` decimal(10,2) NOT NULL DEFAULT 0.00 COMMENT 'Total weight of all items in kg',
  `payment_method` varchar(50) DEFAULT 'cash_on_delivery',
  `delivery_address` text NOT NULL,
  `delivery_city` varchar(100) NOT NULL,
  `delivery_district_id` int(11) DEFAULT NULL,
  `delivery_town_id` int(11) DEFAULT NULL,
  `delivery_phone` varchar(20) NOT NULL,
  `status` enum('pending','confirmed','processing','shipped','delivered','cancelled') DEFAULT 'pending',
  `created_at` timestamp NOT NULL DEFAULT current_timestamp(),
  `updated_at` timestamp NOT NULL DEFAULT current_timestamp() ON UPDATE current_timestamp()
) ENGINE=InnoDB DEFAULT CHARSET=utf8mb4 COLLATE=utf8mb4_unicode_ci;

--
-- Dumping data for table `orders`
--

INSERT INTO `orders` (`id`, `buyer_id`, `total_amount`, `shipping_cost`, `order_total`, `total_weight_kg`, `payment_method`, `delivery_address`, `delivery_city`, `delivery_district_id`, `delivery_town_id`, `delivery_phone`, `status`, `created_at`, `updated_at`) VALUES
(39, 11, 3600.00, 480.00, 4080.00, 30.00, 'cash_on_delivery', 'No 12, Matale Road', 'Matale', 5, 18, '0711111111', 'delivered', '2026-04-04 00:39:26', '2026-04-04 01:40:11'),
(40, 24, 3800.00, 620.00, 4420.00, 40.00, 'cash_on_delivery', 'No 05, Market Street', 'Matale', 5, 18, '0722222222', 'shipped', '2026-04-04 00:39:26', '2026-04-04 00:39:26'),
(41, 11, 2375.00, 350.00, 2725.00, 25.00, 'cash_on_delivery', 'No 12, Matale Road', 'Matale', 5, 18, '0711111111', 'shipped', '2026-04-04 00:39:26', '2026-04-04 05:27:56'),
(42, 11, 450.00, 1023.75, 1473.75, 0.00, 'cash_on_delivery', '35/445, Lake Road', 'Matale', 5, 18, '0702242499', 'pending', '2026-04-04 01:45:07', '2026-04-04 05:16:44'),
(43, 11, 3900.00, 522.90, 4422.90, 0.00, 'cash_on_delivery', '35/445, Lake Road', 'Matale', 5, 18, '0702242499', 'shipped', '2026-04-04 01:45:39', '2026-04-04 05:16:27'),
(44, 11, 100.00, 1719.90, 1819.90, 0.00, 'bank_transfer', '35/445, Lake Road', 'Matale', 5, 18, '0702242499', 'pending', '2026-04-04 18:21:22', '2026-04-04 18:21:22');

-- --------------------------------------------------------

--
-- Table structure for table `order_items`
--

CREATE TABLE `order_items` (
  `id` int(11) NOT NULL,
  `order_id` int(11) NOT NULL,
  `product_id` int(11) NOT NULL,
  `product_name` varchar(255) NOT NULL,
  `product_price` decimal(10,2) NOT NULL,
  `quantity` int(11) NOT NULL,
  `item_weight_kg` decimal(10,2) NOT NULL DEFAULT 0.00 COMMENT 'Total weight of items in kg',
  `farmer_id` int(11) NOT NULL,
  `created_at` timestamp NOT NULL DEFAULT current_timestamp()
) ENGINE=InnoDB DEFAULT CHARSET=utf8mb4 COLLATE=utf8mb4_unicode_ci;

--
-- Dumping data for table `order_items`
--

INSERT INTO `order_items` (`id`, `order_id`, `product_id`, `product_name`, `product_price`, `quantity`, `item_weight_kg`, `farmer_id`, `created_at`) VALUES
(32, 39, 45, 'Pumpkin', 120.00, 30, 30.00, 9, '2026-04-04 00:39:26'),
(33, 40, 47, 'Carrot', 95.00, 40, 40.00, 23, '2026-04-04 00:39:26'),
(34, 41, 47, 'Carrot', 95.00, 25, 25.00, 23, '2026-04-04 00:39:26'),
(35, 42, 44, 'Orange', 45.00, 10, 15.00, 23, '2026-04-04 01:45:07'),
(36, 43, 45, 'Pumpkin', 130.00, 30, 66.00, 9, '2026-04-04 01:45:39'),
(37, 44, 49, 'Banana', 100.00, 1, 1.60, 23, '2026-04-04 18:21:22');

-- --------------------------------------------------------

--
-- Table structure for table `platform_config`
--

CREATE TABLE `platform_config` (
  `id` int(11) NOT NULL,
  `config_key` varchar(100) NOT NULL,
  `config_value` varchar(255) NOT NULL,
  `description` text DEFAULT NULL,
  `updated_at` timestamp NOT NULL DEFAULT current_timestamp() ON UPDATE current_timestamp()
) ENGINE=InnoDB DEFAULT CHARSET=utf8mb4 COLLATE=utf8mb4_general_ci;

--
-- Dumping data for table `platform_config`
--

INSERT INTO `platform_config` (`id`, `config_key`, `config_value`, `description`, `updated_at`) VALUES
(1, 'platform_fee_percentage', '5', 'Platform service fee as percentage of shipping cost', '2026-01-24 14:37:37'),
(2, 'platform_fee_min_lkr', '20', 'Minimum platform fee in LKR', '2026-01-24 14:37:37'),
(3, 'platform_fee_max_lkr', '150', 'Maximum platform fee in LKR', '2026-01-24 14:37:37'),
(4, 'transporter_earning_percentage', '85', 'Percentage of shipping cost paid to transporter', '2026-01-24 14:37:37'),
(5, 'vehicle_size_multiplier_max', '2', 'Maximum vehicle capacity vs effective weight ratio', '2026-01-24 14:37:37'),
(6, 'default_crop_volume_factor', '1.0', 'Default volume factor if crop not found', '2026-01-24 14:37:37');

-- --------------------------------------------------------

--
-- Table structure for table `products`
--

CREATE TABLE `products` (
  `id` int(11) NOT NULL,
  `farmer_id` int(11) NOT NULL,
  `name` varchar(255) NOT NULL,
  `product_master_id` int(11) DEFAULT NULL,
  `price` decimal(10,2) NOT NULL,
  `quantity` int(11) NOT NULL,
  `description` text DEFAULT NULL,
  `district_id` int(11) DEFAULT NULL,
  `town_id` int(11) DEFAULT NULL,
  `image` varchar(255) DEFAULT NULL,
  `location` varchar(100) DEFAULT NULL,
  `category` varchar(50) NOT NULL DEFAULT 'other',
  `listing_date` date NOT NULL DEFAULT curdate(),
  `created_at` timestamp NOT NULL DEFAULT current_timestamp(),
  `updated_at` timestamp NOT NULL DEFAULT current_timestamp() ON UPDATE current_timestamp()
) ENGINE=InnoDB DEFAULT CHARSET=utf8mb4 COLLATE=utf8mb4_unicode_ci;

--
-- Dumping data for table `products`
--

INSERT INTO `products` (`id`, `farmer_id`, `name`, `product_master_id`, `price`, `quantity`, `description`, `district_id`, `town_id`, `image`, `location`, `category`, `listing_date`, `created_at`, `updated_at`) VALUES
(43, 9, 'Brinjal', 9, 55.00, 0, '', 7, 26, 'product_698a14de26752.jpg', 'Ambalangoda, Galle', 'Vegetables', '2026-02-09', '2026-02-09 17:09:50', '2026-04-03 23:33:42'),
(44, 23, 'Orange', 33, 45.00, 26, '', 1, 2, 'product_698a15c4bdbf0.jpg', 'kalutara', 'Fruits', '2026-02-09', '2026-02-09 17:13:40', '2026-04-04 01:45:07'),
(45, 9, 'Pumpkin', NULL, 130.00, 20, 'Bulk pumpkins for wholesale', 24, NULL, 'product_69d0a4643ddc0.jpeg', 'Ratnapura', 'Vegetables', '2026-04-04', '2026-04-04 00:39:26', '2026-04-04 06:56:20'),
(47, 23, 'Pumpkin', NULL, 95.00, 55, 'Fresh carrots in bulk quantities', 5, 18, 'product_69d09db5836c6.jpeg', 'Matale Town, Matale', 'Vegetables', '2026-04-04', '2026-04-04 00:39:26', '2026-04-04 05:12:21'),
(49, 23, 'Banana', 24, 100.00, 65, '', 7, 28, 'product_69d09de5dd62d.jpeg', 'Bentota, Galle', 'Fruits', '2026-04-04', '2026-04-04 05:13:09', '2026-04-04 18:21:22');

-- --------------------------------------------------------

--
-- Table structure for table `reviews`
--

CREATE TABLE `reviews` (
  `id` int(11) NOT NULL,
  `order_id` int(11) NOT NULL,
  `product_id` int(11) NOT NULL,
  `buyer_id` int(11) NOT NULL,
  `farmer_id` int(11) NOT NULL,
  `rating` tinyint(4) NOT NULL CHECK (`rating` >= 1 and `rating` <= 5),
  `comment` text NOT NULL,
  `reply` text DEFAULT NULL,
  `replied_at` timestamp NULL DEFAULT NULL,
  `status` enum('active','hidden','flagged') NOT NULL DEFAULT 'active',
  `created_at` timestamp NOT NULL DEFAULT current_timestamp(),
  `updated_at` timestamp NOT NULL DEFAULT current_timestamp() ON UPDATE current_timestamp()
) ENGINE=InnoDB DEFAULT CHARSET=utf8mb4 COLLATE=utf8mb4_unicode_ci;

--
-- Dumping data for table `reviews`
--

INSERT INTO `reviews` (`id`, `order_id`, `product_id`, `buyer_id`, `farmer_id`, `rating`, `comment`, `reply`, `replied_at`, `status`, `created_at`, `updated_at`) VALUES
(4, 39, 45, 11, 9, 2, 'Some produce arrived bruised. Need better packing.', 'sorry for the inconvenience', '2026-04-04 01:08:15', 'active', '2026-04-04 00:39:26', '2026-04-04 01:08:15'),
(5, 40, 47, 24, 23, 4, 'Good quality and fair pricing. Delivery in progress.', NULL, NULL, 'active', '2026-04-04 00:39:26', '2026-04-04 00:39:26'),
(6, 41, 47, 11, 23, 4, 'delivery is late', NULL, NULL, 'active', '2026-04-04 01:33:53', '2026-04-04 01:33:53'),
(7, 39, 45, 11, 28, 5, 'quick', NULL, NULL, 'active', '2026-04-04 02:08:05', '2026-04-04 02:08:05');

-- --------------------------------------------------------

--
-- Table structure for table `towns`
--

CREATE TABLE `towns` (
  `id` int(11) NOT NULL,
  `town_name` varchar(100) NOT NULL,
  `district_id` int(11) NOT NULL,
  `extra_distance_km` int(11) NOT NULL DEFAULT 0,
  `postal_code` varchar(10) DEFAULT NULL,
  `is_active` tinyint(1) DEFAULT 1,
  `created_at` timestamp NOT NULL DEFAULT current_timestamp(),
  `updated_at` timestamp NOT NULL DEFAULT current_timestamp() ON UPDATE current_timestamp()
) ENGINE=InnoDB DEFAULT CHARSET=utf8mb4 COLLATE=utf8mb4_general_ci;

--
-- Dumping data for table `towns`
--

INSERT INTO `towns` (`id`, `town_name`, `district_id`, `extra_distance_km`, `postal_code`, `is_active`, `created_at`, `updated_at`) VALUES
(1, 'Colombo Fort', 1, 0, '00100', 1, '2026-01-24 14:36:43', '2026-01-24 14:36:43'),
(2, 'Dehiwala', 1, 8, '10350', 1, '2026-01-24 14:36:43', '2026-01-24 14:36:43'),
(3, 'Maharagama', 1, 14, '10280', 1, '2026-01-24 14:36:43', '2026-01-24 14:36:43'),
(4, 'Kotte', 1, 7, '10100', 1, '2026-01-24 14:36:43', '2026-01-24 14:36:43'),
(5, 'Homagama', 1, 22, '10200', 1, '2026-01-24 14:36:43', '2026-01-24 14:36:43'),
(6, 'Kaduwela', 1, 18, '10640', 1, '2026-01-24 14:36:43', '2026-01-24 14:36:43'),
(7, 'Moratuwa', 1, 19, '10400', 1, '2026-01-24 14:36:43', '2026-01-24 14:36:43'),
(8, 'Nugegoda', 1, 10, '10250', 1, '2026-01-24 14:36:43', '2026-01-24 14:36:43'),
(9, 'Battaramulla', 1, 12, '10120', 1, '2026-01-24 14:36:43', '2026-01-24 14:36:43'),
(10, 'Kandy Town', 4, 0, '20000', 1, '2026-01-24 14:36:43', '2026-01-24 14:36:43'),
(11, 'Peradeniya', 4, 8, '20400', 1, '2026-01-24 14:36:43', '2026-01-24 14:36:43'),
(12, 'Katugastota', 4, 6, '20800', 1, '2026-01-24 14:36:43', '2026-01-24 14:36:43'),
(13, 'Gampola', 4, 27, '20500', 1, '2026-01-24 14:36:43', '2026-01-24 14:36:43'),
(14, 'Nawalapitiya', 4, 42, '20650', 1, '2026-01-24 14:36:43', '2026-01-24 14:36:43'),
(15, 'Teldeniya', 4, 20, '20900', 1, '2026-01-24 14:36:43', '2026-01-24 14:36:43'),
(16, 'Kundasale', 4, 10, '20168', 1, '2026-01-24 14:36:43', '2026-01-24 14:36:43'),
(17, 'Akurana', 4, 14, '20850', 1, '2026-01-24 14:36:43', '2026-01-24 14:36:43'),
(18, 'Matale Town', 5, 0, '21000', 1, '2026-01-24 14:36:43', '2026-01-24 14:36:43'),
(19, 'Dambulla', 5, 28, '21100', 1, '2026-01-24 14:36:43', '2026-01-24 14:36:43'),
(20, 'Galewela', 5, 20, '21200', 1, '2026-01-24 14:36:43', '2026-01-24 14:36:43'),
(21, 'Ukuwela', 5, 12, '21300', 1, '2026-01-24 14:36:43', '2026-01-24 14:36:43'),
(22, 'Naula', 5, 28, '21600', 1, '2026-01-24 14:36:43', '2026-01-24 14:36:43'),
(23, 'Rattota', 5, 18, '21400', 1, '2026-01-24 14:36:43', '2026-01-24 14:36:43'),
(24, 'Galle Fort', 7, 0, '80000', 1, '2026-01-24 14:36:43', '2026-01-24 14:36:43'),
(25, 'Hikkaduwa', 7, 19, '80240', 1, '2026-01-24 14:36:43', '2026-01-24 14:36:43'),
(26, 'Ambalangoda', 7, 28, '80300', 1, '2026-01-24 14:36:43', '2026-01-24 14:36:43'),
(27, 'Elpitiya', 7, 24, '80400', 1, '2026-01-24 14:36:43', '2026-01-24 14:36:43'),
(28, 'Bentota', 7, 35, '80500', 1, '2026-01-24 14:36:43', '2026-01-24 14:36:43'),
(29, 'Gampaha', 2, 0, '11000', 1, '2026-01-24 14:36:43', '2026-01-24 14:36:43'),
(30, 'Negombo', 2, 12, '11500', 1, '2026-01-24 14:36:43', '2026-01-24 14:36:43'),
(31, 'Ja-Ela', 2, 16, '11350', 1, '2026-01-24 14:36:43', '2026-01-24 14:36:43'),
(32, 'Kadawatha', 2, 10, '11850', 1, '2026-01-24 14:36:43', '2026-01-24 14:36:43'),
(33, 'Ragama', 2, 6, '11010', 1, '2026-01-24 14:36:43', '2026-01-24 14:36:43'),
(34, 'Kurunegala', 18, 0, '60000', 1, '2026-01-24 14:36:43', '2026-01-24 14:36:43'),
(35, 'Kuliyapitiya', 18, 28, '60200', 1, '2026-01-24 14:36:43', '2026-01-24 14:36:43'),
(36, 'Polgahawela', 18, 16, '60300', 1, '2026-01-24 14:36:43', '2026-01-24 14:36:43'),
(37, 'Mawathagama', 18, 22, '60060', 1, '2026-01-24 14:36:43', '2026-01-24 14:36:43');

-- --------------------------------------------------------

--
-- Table structure for table `transporter_profiles`
--

CREATE TABLE `transporter_profiles` (
  `id` int(11) NOT NULL,
  `user_id` int(11) NOT NULL,
  `company_name` varchar(255) DEFAULT NULL,
  `phone` varchar(20) DEFAULT NULL,
  `vehicle_type` varchar(100) DEFAULT NULL,
  `license_number` varchar(100) DEFAULT NULL,
  `availability` varchar(255) DEFAULT NULL,
  `profile_photo` varchar(255) DEFAULT NULL,
  `created_at` timestamp NOT NULL DEFAULT current_timestamp(),
  `updated_at` timestamp NOT NULL DEFAULT current_timestamp() ON UPDATE current_timestamp()
) ENGINE=InnoDB DEFAULT CHARSET=utf8mb4 COLLATE=utf8mb4_general_ci;

--
-- Dumping data for table `transporter_profiles`
--

INSERT INTO `transporter_profiles` (`id`, `user_id`, `company_name`, `phone`, `vehicle_type`, `license_number`, `availability`, `profile_photo`, `created_at`, `updated_at`) VALUES
(1, 28, 'Kalmith Logistics', '0771234567', 'bike', 'LIC-28-AL', 'available', 'transporter_28_1775272131.jpg', '2026-04-04 00:39:26', '2026-04-04 03:08:51');

-- --------------------------------------------------------

--
-- Table structure for table `users`
--

CREATE TABLE `users` (
  `id` int(11) NOT NULL,
  `name` varchar(255) NOT NULL,
  `email` varchar(255) NOT NULL,
  `password` varchar(255) NOT NULL,
  `role` varchar(255) NOT NULL,
  `status` enum('active','inactive') DEFAULT 'active',
  `created_at` timestamp NOT NULL DEFAULT current_timestamp(),
  `updated_at` timestamp NOT NULL DEFAULT current_timestamp() ON UPDATE current_timestamp()
) ENGINE=InnoDB DEFAULT CHARSET=utf8mb4 COLLATE=utf8mb4_general_ci;

--
-- Dumping data for table `users`
--

INSERT INTO `users` (`id`, `name`, `email`, `password`, `role`, `status`, `created_at`, `updated_at`) VALUES
(9, 'sewni', 'sewni@gmail.com', '$2y$10$vOVaCfjVErIC6HDXHMgU/.4WpAOkGFgqZzvKFThJmCCFaYFc3Ci6q', 'farmer', 'active', '2025-10-19 12:14:27', '2026-04-04 12:27:04'),
(11, 'Yomal Chandima', 'yc@gmail.com', '$2y$10$G/OVlG/J3e/6u1AhJbPqG.ilEMc733kiJr.hKNOQJQJQJKnyTHQUi', 'buyer', 'active', '2025-10-19 12:14:27', '2026-04-04 12:27:04'),
(23, 'vonara', 'vonara@gmail.com', '$2y$10$0/Mii.R0Py9STVvQgLiUuOGFJaUeTLfGdA.357NaODBXIZDKlZHXK', 'farmer', 'active', '2025-10-22 07:22:02', '2026-04-04 12:40:33'),
(24, 'yomal', 'yomal@gmail.com', '$2y$10$q5iy8MmNqab4Nqa4sywvoedN6brdA.FDJE5DnaZIrNc7ryEzQU8Du', 'buyer', 'active', '2025-10-22 07:37:23', '2026-04-04 12:27:05'),
(26, 'sdq', 'sdq@gmail.com', '$2y$10$mMLaXqS1sLuHpdtfns.od.MsK4JkQ8p2AhWAN8VN/ZcThN7LqUMqC', 'admin', 'active', '2025-10-22 08:33:43', '2026-04-04 12:27:05'),
(28, 'kalmith', 'kal@gmail.com', '$2y$10$lPCFj2M3K0Sgg4YgPtJJ3eVKFR9wkRPQV05ZbXSQnlMGdHEY8d4yS', 'transporter', 'active', '2025-10-22 08:38:58', '2026-04-04 12:27:05');

-- --------------------------------------------------------

--
-- Table structure for table `user_email_changes`
--

CREATE TABLE `user_email_changes` (
  `id` int(11) NOT NULL,
  `user_id` int(11) NOT NULL,
  `old_email` varchar(255) NOT NULL,
  `new_email` varchar(255) NOT NULL,
  `changed_at` timestamp NOT NULL DEFAULT current_timestamp()
) ENGINE=InnoDB DEFAULT CHARSET=utf8mb4 COLLATE=utf8mb4_general_ci;

-- --------------------------------------------------------

--
-- Table structure for table `vehicles`
--

CREATE TABLE `vehicles` (
  `id` int(11) NOT NULL,
  `transporter_id` int(11) NOT NULL,
  `type` varchar(50) NOT NULL,
  `vehicle_type_id` int(11) DEFAULT NULL,
  `registration` varchar(20) NOT NULL,
  `capacity` decimal(10,2) NOT NULL,
  `fuel_type` varchar(20) DEFAULT NULL,
  `model` varchar(100) DEFAULT NULL,
  `status` enum('active','inactive','maintenance') DEFAULT 'active',
  `created_at` timestamp NOT NULL DEFAULT current_timestamp(),
  `updated_at` timestamp NOT NULL DEFAULT current_timestamp() ON UPDATE current_timestamp()
) ENGINE=InnoDB DEFAULT CHARSET=utf8mb4 COLLATE=utf8mb4_general_ci;

--
-- Dumping data for table `vehicles`
--

INSERT INTO `vehicles` (`id`, `transporter_id`, `type`, `vehicle_type_id`, `registration`, `capacity`, `fuel_type`, `model`, `status`, `created_at`, `updated_at`) VALUES
(10, 28, 'smallvan', 3, 'KH-7856', 300.00, 'diesel', 'Nissan Caravan', 'active', '2026-02-09 18:59:09', '2026-04-04 05:49:43'),
(11, 28, 'bike', 1, 'BKA-7890', 20.00, 'electric', 'CT100', 'active', '2026-02-09 19:25:11', '2026-04-04 02:24:47'),
(14, 28, 'threewheel', 2, 'AAU6767', 100.00, 'petrol', '', 'active', '2026-04-04 05:50:25', '2026-04-04 05:50:25');

-- --------------------------------------------------------

--
-- Table structure for table `vehicle_types`
--

CREATE TABLE `vehicle_types` (
  `id` int(11) NOT NULL,
  `vehicle_name` varchar(50) NOT NULL,
  `min_weight_kg` int(11) NOT NULL DEFAULT 0,
  `max_weight_kg` int(11) NOT NULL,
  `base_fee_lkr` decimal(10,2) NOT NULL,
  `cost_per_km_lkr` decimal(10,2) NOT NULL,
  `cost_per_kg_lkr` decimal(10,2) NOT NULL,
  `is_active` tinyint(1) DEFAULT 1,
  `created_at` timestamp NOT NULL DEFAULT current_timestamp(),
  `updated_at` timestamp NOT NULL DEFAULT current_timestamp() ON UPDATE current_timestamp()
) ENGINE=InnoDB DEFAULT CHARSET=utf8mb4 COLLATE=utf8mb4_general_ci;

--
-- Dumping data for table `vehicle_types`
--

INSERT INTO `vehicle_types` (`id`, `vehicle_name`, `min_weight_kg`, `max_weight_kg`, `base_fee_lkr`, `cost_per_km_lkr`, `cost_per_kg_lkr`, `is_active`, `created_at`, `updated_at`) VALUES
(1, 'Bike', 0, 20, 150.00, 5.00, 5.00, 1, '2026-01-24 14:29:09', '2026-01-24 14:29:09'),
(2, 'Threewheel', 20, 100, 300.00, 7.00, 3.00, 1, '2026-01-24 14:29:09', '2026-02-10 06:59:16'),
(3, 'Small Van', 100, 300, 500.00, 10.00, 2.50, 1, '2026-01-24 14:29:09', '2026-02-09 17:43:08'),
(4, 'Van', 300, 600, 800.00, 15.00, 2.00, 1, '2026-01-24 14:29:09', '2026-02-09 17:43:08'),
(5, 'Small Lorry', 600, 1500, 1200.00, 20.00, 1.50, 1, '2026-01-24 14:29:09', '2026-02-09 17:43:08'),
(6, 'Lorry', 1500, 3000, 1800.00, 25.00, 1.00, 1, '2026-01-24 14:29:09', '2026-02-09 17:43:08');

-- --------------------------------------------------------

--
-- Table structure for table `wishlist`
--

CREATE TABLE `wishlist` (
  `id` int(11) NOT NULL,
  `user_id` int(11) NOT NULL,
  `product_id` int(11) NOT NULL,
  `created_at` timestamp NOT NULL DEFAULT current_timestamp()
) ENGINE=InnoDB DEFAULT CHARSET=utf8mb4 COLLATE=utf8mb4_general_ci;

--
-- Dumping data for table `wishlist`
--

INSERT INTO `wishlist` (`id`, `user_id`, `product_id`, `created_at`) VALUES
(26, 11, 47, '2026-04-04 01:46:12');

--
-- Indexes for dumped tables
--

--
-- Indexes for table `buyer_profiles`
--
ALTER TABLE `buyer_profiles`
  ADD PRIMARY KEY (`id`),
  ADD KEY `user_id` (`user_id`);

--
-- Indexes for table `cart`
--
ALTER TABLE `cart`
  ADD PRIMARY KEY (`id`),
  ADD KEY `user_id` (`user_id`),
  ADD KEY `product_id` (`product_id`);

--
-- Indexes for table `crop_requests`
--
ALTER TABLE `crop_requests`
  ADD PRIMARY KEY (`id`),
  ADD KEY `buyer_id` (`buyer_id`);

--
-- Indexes for table `crop_volume_factors`
--
ALTER TABLE `crop_volume_factors`
  ADD PRIMARY KEY (`id`),
  ADD UNIQUE KEY `crop_name` (`crop_name`),
  ADD KEY `idx_category` (`category`);

--
-- Indexes for table `delivery_requests`
--
ALTER TABLE `delivery_requests`
  ADD PRIMARY KEY (`id`),
  ADD KEY `idx_order` (`order_id`),
  ADD KEY `idx_buyer` (`buyer_id`),
  ADD KEY `idx_farmer` (`farmer_id`),
  ADD KEY `idx_transporter` (`transporter_id`),
  ADD KEY `idx_status` (`status`),
  ADD KEY `idx_weight` (`total_weight_kg`),
  ADD KEY `idx_vehicle_type` (`required_vehicle_type_id`);

--
-- Indexes for table `districts`
--
ALTER TABLE `districts`
  ADD PRIMARY KEY (`id`),
  ADD UNIQUE KEY `district_name` (`district_name`),
  ADD UNIQUE KEY `district_code` (`district_code`);

--
-- Indexes for table `district_distances`
--
ALTER TABLE `district_distances`
  ADD PRIMARY KEY (`id`),
  ADD UNIQUE KEY `unique_route` (`from_district_id`,`to_district_id`),
  ADD KEY `idx_from` (`from_district_id`),
  ADD KEY `idx_to` (`to_district_id`);

--
-- Indexes for table `farmer_profiles`
--
ALTER TABLE `farmer_profiles`
  ADD PRIMARY KEY (`id`),
  ADD UNIQUE KEY `user_id` (`user_id`);

--
-- Indexes for table `orders`
--
ALTER TABLE `orders`
  ADD PRIMARY KEY (`id`),
  ADD KEY `idx_buyer` (`buyer_id`),
  ADD KEY `idx_status` (`status`),
  ADD KEY `idx_created` (`created_at`);

--
-- Indexes for table `order_items`
--
ALTER TABLE `order_items`
  ADD PRIMARY KEY (`id`),
  ADD KEY `idx_order` (`order_id`),
  ADD KEY `idx_product` (`product_id`),
  ADD KEY `idx_farmer` (`farmer_id`);

--
-- Indexes for table `platform_config`
--
ALTER TABLE `platform_config`
  ADD PRIMARY KEY (`id`),
  ADD UNIQUE KEY `config_key` (`config_key`);

--
-- Indexes for table `products`
--
ALTER TABLE `products`
  ADD PRIMARY KEY (`id`),
  ADD KEY `idx_product_master` (`product_master_id`);

--
-- Indexes for table `reviews`
--
ALTER TABLE `reviews`
  ADD PRIMARY KEY (`id`),
  ADD KEY `idx_order` (`order_id`),
  ADD KEY `idx_product` (`product_id`),
  ADD KEY `idx_buyer` (`buyer_id`),
  ADD KEY `idx_farmer` (`farmer_id`);

--
-- Indexes for table `towns`
--
ALTER TABLE `towns`
  ADD PRIMARY KEY (`id`),
  ADD KEY `idx_district` (`district_id`),
  ADD KEY `idx_town_name` (`town_name`);

--
-- Indexes for table `transporter_profiles`
--
ALTER TABLE `transporter_profiles`
  ADD PRIMARY KEY (`id`),
  ADD UNIQUE KEY `user_id` (`user_id`);

--
-- Indexes for table `users`
--
ALTER TABLE `users`
  ADD PRIMARY KEY (`id`);

--
-- Indexes for table `user_email_changes`
--
ALTER TABLE `user_email_changes`
  ADD PRIMARY KEY (`id`),
  ADD KEY `idx_user_id` (`user_id`);

--
-- Indexes for table `vehicles`
--
ALTER TABLE `vehicles`
  ADD PRIMARY KEY (`id`),
  ADD KEY `transporter_id` (`transporter_id`),
  ADD KEY `idx_vehicle_type` (`vehicle_type_id`);

--
-- Indexes for table `vehicle_types`
--
ALTER TABLE `vehicle_types`
  ADD PRIMARY KEY (`id`),
  ADD UNIQUE KEY `vehicle_name` (`vehicle_name`);

--
-- Indexes for table `wishlist`
--
ALTER TABLE `wishlist`
  ADD PRIMARY KEY (`id`),
  ADD UNIQUE KEY `unique_wishlist` (`user_id`,`product_id`),
  ADD KEY `product_id` (`product_id`);

--
-- AUTO_INCREMENT for dumped tables
--

--
-- AUTO_INCREMENT for table `buyer_profiles`
--
ALTER TABLE `buyer_profiles`
  MODIFY `id` int(11) NOT NULL AUTO_INCREMENT, AUTO_INCREMENT=6;

--
-- AUTO_INCREMENT for table `cart`
--
ALTER TABLE `cart`
  MODIFY `id` int(11) NOT NULL AUTO_INCREMENT, AUTO_INCREMENT=263;

--
-- AUTO_INCREMENT for table `crop_requests`
--
ALTER TABLE `crop_requests`
  MODIFY `id` int(11) NOT NULL AUTO_INCREMENT, AUTO_INCREMENT=16;

--
-- AUTO_INCREMENT for table `crop_volume_factors`
--
ALTER TABLE `crop_volume_factors`
  MODIFY `id` int(11) NOT NULL AUTO_INCREMENT, AUTO_INCREMENT=45;

--
-- AUTO_INCREMENT for table `delivery_requests`
--
ALTER TABLE `delivery_requests`
  MODIFY `id` int(11) NOT NULL AUTO_INCREMENT, AUTO_INCREMENT=7;

--
-- AUTO_INCREMENT for table `districts`
--
ALTER TABLE `districts`
  MODIFY `id` int(11) NOT NULL AUTO_INCREMENT, AUTO_INCREMENT=26;

--
-- AUTO_INCREMENT for table `district_distances`
--
ALTER TABLE `district_distances`
  MODIFY `id` int(11) NOT NULL AUTO_INCREMENT, AUTO_INCREMENT=2284;

--
-- AUTO_INCREMENT for table `farmer_profiles`
--
ALTER TABLE `farmer_profiles`
  MODIFY `id` int(11) NOT NULL AUTO_INCREMENT, AUTO_INCREMENT=4;

--
-- AUTO_INCREMENT for table `orders`
--
ALTER TABLE `orders`
  MODIFY `id` int(11) NOT NULL AUTO_INCREMENT, AUTO_INCREMENT=45;

--
-- AUTO_INCREMENT for table `order_items`
--
ALTER TABLE `order_items`
  MODIFY `id` int(11) NOT NULL AUTO_INCREMENT, AUTO_INCREMENT=38;

--
-- AUTO_INCREMENT for table `platform_config`
--
ALTER TABLE `platform_config`
  MODIFY `id` int(11) NOT NULL AUTO_INCREMENT, AUTO_INCREMENT=7;

--
-- AUTO_INCREMENT for table `products`
--
ALTER TABLE `products`
  MODIFY `id` int(11) NOT NULL AUTO_INCREMENT, AUTO_INCREMENT=50;

--
-- AUTO_INCREMENT for table `reviews`
--
ALTER TABLE `reviews`
  MODIFY `id` int(11) NOT NULL AUTO_INCREMENT, AUTO_INCREMENT=8;

--
-- AUTO_INCREMENT for table `towns`
--
ALTER TABLE `towns`
  MODIFY `id` int(11) NOT NULL AUTO_INCREMENT, AUTO_INCREMENT=38;

--
-- AUTO_INCREMENT for table `transporter_profiles`
--
ALTER TABLE `transporter_profiles`
  MODIFY `id` int(11) NOT NULL AUTO_INCREMENT, AUTO_INCREMENT=2;

--
-- AUTO_INCREMENT for table `users`
--
ALTER TABLE `users`
  MODIFY `id` int(11) NOT NULL AUTO_INCREMENT, AUTO_INCREMENT=37;

--
-- AUTO_INCREMENT for table `user_email_changes`
--
ALTER TABLE `user_email_changes`
  MODIFY `id` int(11) NOT NULL AUTO_INCREMENT;

--
-- AUTO_INCREMENT for table `vehicles`
--
ALTER TABLE `vehicles`
  MODIFY `id` int(11) NOT NULL AUTO_INCREMENT, AUTO_INCREMENT=15;

--
-- AUTO_INCREMENT for table `vehicle_types`
--
ALTER TABLE `vehicle_types`
  MODIFY `id` int(11) NOT NULL AUTO_INCREMENT, AUTO_INCREMENT=7;

--
-- AUTO_INCREMENT for table `wishlist`
--
ALTER TABLE `wishlist`
  MODIFY `id` int(11) NOT NULL AUTO_INCREMENT, AUTO_INCREMENT=27;

--
-- Constraints for dumped tables
--

--
-- Constraints for table `delivery_requests`
--
ALTER TABLE `delivery_requests`
  ADD CONSTRAINT `delivery_requests_ibfk_1` FOREIGN KEY (`order_id`) REFERENCES `orders` (`id`) ON DELETE CASCADE,
  ADD CONSTRAINT `delivery_requests_ibfk_2` FOREIGN KEY (`buyer_id`) REFERENCES `users` (`id`),
  ADD CONSTRAINT `delivery_requests_ibfk_3` FOREIGN KEY (`farmer_id`) REFERENCES `users` (`id`),
  ADD CONSTRAINT `delivery_requests_ibfk_4` FOREIGN KEY (`transporter_id`) REFERENCES `users` (`id`) ON DELETE SET NULL,
  ADD CONSTRAINT `delivery_requests_ibfk_5` FOREIGN KEY (`required_vehicle_type_id`) REFERENCES `vehicle_types` (`id`);

--
-- 2026-04 delivery and transporter feedback migration
--
ALTER TABLE `buyer_profiles`
  ADD COLUMN IF NOT EXISTS `district_id` int(11) DEFAULT NULL AFTER `district`,
  ADD COLUMN IF NOT EXISTS `town_id` int(11) DEFAULT NULL AFTER `district_id`;

ALTER TABLE `farmer_profiles`
  ADD COLUMN IF NOT EXISTS `district_id` int(11) DEFAULT NULL AFTER `district`,
  ADD COLUMN IF NOT EXISTS `town_id` int(11) DEFAULT NULL AFTER `district_id`;

ALTER TABLE `transporter_profiles`
  ADD COLUMN IF NOT EXISTS `apartment_code` varchar(50) DEFAULT NULL AFTER `phone`,
  ADD COLUMN IF NOT EXISTS `street_name` varchar(150) DEFAULT NULL AFTER `apartment_code`,
  ADD COLUMN IF NOT EXISTS `city` varchar(100) DEFAULT NULL AFTER `street_name`,
  ADD COLUMN IF NOT EXISTS `district` varchar(100) DEFAULT NULL AFTER `city`,
  ADD COLUMN IF NOT EXISTS `district_id` int(11) DEFAULT NULL AFTER `district`,
  ADD COLUMN IF NOT EXISTS `town_id` int(11) DEFAULT NULL AFTER `district_id`,
  ADD COLUMN IF NOT EXISTS `postal_code` varchar(20) DEFAULT NULL AFTER `town_id`,
  ADD COLUMN IF NOT EXISTS `full_address` text DEFAULT NULL AFTER `postal_code`,
  ADD COLUMN IF NOT EXISTS `current_district_id` int(11) DEFAULT NULL AFTER `profile_photo`,
  ADD COLUMN IF NOT EXISTS `current_town_id` int(11) DEFAULT NULL AFTER `current_district_id`,
  ADD COLUMN IF NOT EXISTS `current_location_updated_at` datetime DEFAULT NULL AFTER `current_town_id`;

ALTER TABLE `vehicles`
  ADD COLUMN IF NOT EXISTS `is_selected` tinyint(1) NOT NULL DEFAULT 0 AFTER `status`;

ALTER TABLE `delivery_requests`
  ADD COLUMN IF NOT EXISTS `buyer_town_id` int(11) DEFAULT NULL AFTER `buyer_district_id`,
  ADD COLUMN IF NOT EXISTS `farmer_town_id` int(11) DEFAULT NULL AFTER `farmer_district_id`,
  ADD COLUMN IF NOT EXISTS `vehicle_id` int(11) DEFAULT NULL AFTER `transporter_id`,
  ADD COLUMN IF NOT EXISTS `expected_delivery_at` datetime DEFAULT NULL AFTER `accepted_at`,
  ADD COLUMN IF NOT EXISTS `delivered_at` datetime DEFAULT NULL AFTER `expected_delivery_at`;

CREATE TABLE IF NOT EXISTS `transporter_feedback` (
  `id` int(11) NOT NULL AUTO_INCREMENT,
  `reviewer_type` enum('buyer','farmer') NOT NULL,
  `reviewer_id` int(11) NOT NULL,
  `transporter_id` int(11) NOT NULL,
  `order_id` int(11) NOT NULL,
  `delivery_request_id` int(11) DEFAULT NULL,
  `rating` tinyint(4) NOT NULL,
  `review_text` text NOT NULL,
  `on_time_flag` tinyint(1) NOT NULL DEFAULT 0,
  `satisfaction_status` enum('very_satisfied','satisfied','neutral','dissatisfied','very_dissatisfied') NOT NULL DEFAULT 'neutral',
  `complaint_text` text DEFAULT NULL,
  `complaint_status` enum('none','open','resolved','dismissed') NOT NULL DEFAULT 'none',
  `created_at` timestamp NOT NULL DEFAULT current_timestamp(),
  `updated_at` timestamp NOT NULL DEFAULT current_timestamp() ON UPDATE current_timestamp(),
  PRIMARY KEY (`id`),
  UNIQUE KEY `uniq_transporter_feedback` (`reviewer_type`,`reviewer_id`,`transporter_id`,`order_id`),
  KEY `idx_tf_transporter` (`transporter_id`),
  KEY `idx_tf_order` (`order_id`),
  KEY `idx_tf_delivery_request` (`delivery_request_id`),
  CONSTRAINT `tf_reviewer_fk` FOREIGN KEY (`reviewer_id`) REFERENCES `users` (`id`) ON DELETE CASCADE,
  CONSTRAINT `tf_transporter_fk` FOREIGN KEY (`transporter_id`) REFERENCES `users` (`id`) ON DELETE CASCADE,
  CONSTRAINT `tf_order_fk` FOREIGN KEY (`order_id`) REFERENCES `orders` (`id`) ON DELETE CASCADE,
  CONSTRAINT `tf_delivery_fk` FOREIGN KEY (`delivery_request_id`) REFERENCES `delivery_requests` (`id`) ON DELETE SET NULL
) ENGINE=InnoDB DEFAULT CHARSET=utf8mb4 COLLATE=utf8mb4_general_ci;

ALTER TABLE `buyer_profiles`
  ADD INDEX IF NOT EXISTS `idx_buyer_profiles_district_id` (`district_id`),
  ADD INDEX IF NOT EXISTS `idx_buyer_profiles_town_id` (`town_id`);

ALTER TABLE `farmer_profiles`
  ADD INDEX IF NOT EXISTS `idx_farmer_profiles_district_id` (`district_id`),
  ADD INDEX IF NOT EXISTS `idx_farmer_profiles_town_id` (`town_id`);

ALTER TABLE `transporter_profiles`
  ADD INDEX IF NOT EXISTS `idx_transporter_profiles_district_id` (`district_id`),
  ADD INDEX IF NOT EXISTS `idx_transporter_profiles_town_id` (`town_id`),
  ADD INDEX IF NOT EXISTS `idx_transporter_profiles_current_district_id` (`current_district_id`),
  ADD INDEX IF NOT EXISTS `idx_transporter_profiles_current_town_id` (`current_town_id`);

ALTER TABLE `vehicles`
  ADD INDEX IF NOT EXISTS `idx_vehicle_selected` (`transporter_id`,`is_selected`);

ALTER TABLE `delivery_requests`
  ADD INDEX IF NOT EXISTS `idx_delivery_requests_buyer_town_id` (`buyer_town_id`),
  ADD INDEX IF NOT EXISTS `idx_delivery_requests_farmer_town_id` (`farmer_town_id`),
  ADD INDEX IF NOT EXISTS `idx_delivery_requests_vehicle_id` (`vehicle_id`),
  ADD INDEX IF NOT EXISTS `idx_delivery_requests_expected_delivery_at` (`expected_delivery_at`);

UPDATE `buyer_profiles` bp
LEFT JOIN `districts` d ON LOWER(TRIM(bp.`district`)) = LOWER(TRIM(d.`district_name`))
SET bp.`district_id` = d.`id`
WHERE bp.`district_id` IS NULL
  AND bp.`district` IS NOT NULL
  AND TRIM(bp.`district`) <> '';

UPDATE `buyer_profiles` bp
LEFT JOIN `towns` t ON LOWER(TRIM(bp.`city`)) = LOWER(TRIM(t.`town_name`)) AND t.`district_id` = bp.`district_id`
SET bp.`town_id` = t.`id`
WHERE bp.`town_id` IS NULL
  AND bp.`city` IS NOT NULL
  AND TRIM(bp.`city`) <> ''
  AND bp.`district_id` IS NOT NULL;

UPDATE `farmer_profiles` fp
LEFT JOIN `districts` d ON LOWER(TRIM(fp.`district`)) = LOWER(TRIM(d.`district_name`))
SET fp.`district_id` = d.`id`
WHERE fp.`district_id` IS NULL
  AND fp.`district` IS NOT NULL
  AND TRIM(fp.`district`) <> '';

UPDATE `farmer_profiles` fp
LEFT JOIN `towns` t ON LOWER(TRIM(fp.`full_address`)) LIKE CONCAT('%', LOWER(TRIM(t.`town_name`)), '%')
  AND t.`district_id` = fp.`district_id`
SET fp.`town_id` = t.`id`
WHERE fp.`town_id` IS NULL
  AND fp.`district_id` IS NOT NULL;

UPDATE `transporter_profiles` tp
LEFT JOIN `districts` d ON LOWER(TRIM(tp.`district`)) = LOWER(TRIM(d.`district_name`))
SET tp.`district_id` = d.`id`
WHERE tp.`district_id` IS NULL
  AND tp.`district` IS NOT NULL
  AND TRIM(tp.`district`) <> '';

UPDATE `transporter_profiles` tp
LEFT JOIN `towns` t ON LOWER(TRIM(tp.`city`)) = LOWER(TRIM(t.`town_name`)) AND t.`district_id` = tp.`district_id`
SET tp.`town_id` = t.`id`
WHERE tp.`town_id` IS NULL
  AND tp.`district_id` IS NOT NULL
  AND tp.`city` IS NOT NULL
  AND TRIM(tp.`city`) <> '';

UPDATE `transporter_profiles`
SET `current_district_id` = `district_id`
WHERE `current_district_id` IS NULL AND `district_id` IS NOT NULL;

UPDATE `transporter_profiles`
SET `current_town_id` = `town_id`
WHERE `current_town_id` IS NULL AND `town_id` IS NOT NULL;

UPDATE `delivery_requests` dr
JOIN `orders` o ON o.`id` = dr.`order_id`
SET dr.`buyer_town_id` = o.`delivery_town_id`
WHERE dr.`buyer_town_id` IS NULL
  AND o.`delivery_town_id` IS NOT NULL;

UPDATE `delivery_requests` dr
JOIN `farmer_profiles` fp ON fp.`user_id` = dr.`farmer_id`
SET dr.`farmer_town_id` = fp.`town_id`
WHERE dr.`farmer_town_id` IS NULL
  AND fp.`town_id` IS NOT NULL;

UPDATE `delivery_requests`
SET `expected_delivery_at` = DATE_ADD(`created_at`, INTERVAL 3 DAY)
WHERE `expected_delivery_at` IS NULL;

UPDATE `delivery_requests`
SET `delivered_at` = `updated_at`
WHERE `status` = 'delivered'
  AND `delivered_at` IS NULL;

UPDATE `vehicles` v
JOIN (
  SELECT MIN(`id`) AS `vehicle_id`, `transporter_id`
  FROM `vehicles`
  WHERE `status` = 'active'
  GROUP BY `transporter_id`
) selected_vehicle ON selected_vehicle.`vehicle_id` = v.`id`
SET v.`is_selected` = 1
WHERE v.`is_selected` = 0;

INSERT INTO `transporter_feedback`
(`reviewer_type`, `reviewer_id`, `transporter_id`, `order_id`, `delivery_request_id`, `rating`, `review_text`, `on_time_flag`, `satisfaction_status`, `complaint_text`, `complaint_status`, `created_at`, `updated_at`)
SELECT
  'buyer',
  r.`buyer_id`,
  dr.`transporter_id`,
  r.`order_id`,
  dr.`id`,
  r.`rating`,
  r.`comment`,
  CASE WHEN dr.`delivered_at` IS NOT NULL AND dr.`expected_delivery_at` IS NOT NULL AND dr.`delivered_at` <= dr.`expected_delivery_at` THEN 1 ELSE 0 END,
  CASE
    WHEN r.`rating` >= 5 THEN 'very_satisfied'
    WHEN r.`rating` = 4 THEN 'satisfied'
    WHEN r.`rating` = 3 THEN 'neutral'
    WHEN r.`rating` = 2 THEN 'dissatisfied'
    ELSE 'very_dissatisfied'
  END,
  CASE WHEN r.`rating` <= 2 THEN r.`comment` ELSE NULL END,
  CASE WHEN r.`rating` <= 2 THEN 'open' ELSE 'none' END,
  r.`created_at`,
  COALESCE(r.`replied_at`, r.`created_at`)
FROM `reviews` r
INNER JOIN `users` target_user ON target_user.`id` = r.`farmer_id` AND target_user.`role` = 'transporter'
INNER JOIN `delivery_requests` dr ON dr.`order_id` = r.`order_id` AND dr.`transporter_id` = r.`farmer_id`
LEFT JOIN `transporter_feedback` tf
  ON tf.`reviewer_type` = 'buyer'
 AND tf.`reviewer_id` = r.`buyer_id`
 AND tf.`transporter_id` = r.`farmer_id`
 AND tf.`order_id` = r.`order_id`
WHERE tf.`id` IS NULL;

-- Additional Sri Lankan towns to support district -> town profile dropdowns
INSERT IGNORE INTO `towns` (`id`, `town_name`, `district_id`, `extra_distance_km`, `postal_code`, `is_active`) VALUES
(38, 'Kalutara', 3, 4, '12000', 1),
(39, 'Panadura', 3, 3, '12500', 1),
(40, 'Horana', 3, 6, '12400', 1),
(41, 'Nuwara Eliya Town', 6, 4, '22200', 1),
(42, 'Hatton', 6, 7, '22000', 1),
(43, 'Talawakele', 6, 6, '22100', 1),
(44, 'Matara Town', 8, 4, '81000', 1),
(45, 'Weligama', 8, 5, '81700', 1),
(46, 'Akuressa', 8, 6, '81400', 1),
(47, 'Hambantota Town', 9, 4, '82000', 1),
(48, 'Tangalle', 9, 6, '82200', 1),
(49, 'Tissamaharama', 9, 5, '82600', 1),
(50, 'Jaffna Town', 10, 4, '40000', 1),
(51, 'Chavakachcheri', 10, 6, '40500', 1),
(52, 'Nallur', 10, 5, '40000', 1),
(53, 'Kilinochchi Town', 11, 4, '44000', 1),
(54, 'Poonakary', 11, 7, '44100', 1),
(55, 'Mannar Town', 12, 4, '41000', 1),
(56, 'Murunkan', 12, 6, '41100', 1),
(57, 'Vavuniya Town', 13, 4, '43000', 1),
(58, 'Cheddikulam', 13, 6, '43300', 1),
(59, 'Mullaitivu Town', 14, 4, '42000', 1),
(60, 'Puthukudiyiruppu', 14, 6, '42100', 1),
(61, 'Batticaloa Town', 15, 4, '30000', 1),
(62, 'Eravur', 15, 5, '30300', 1),
(63, 'Ampara Town', 16, 4, '32000', 1),
(64, 'Kalmunai', 16, 6, '32300', 1),
(65, 'Akkaraipattu', 16, 6, '32400', 1),
(66, 'Trincomalee Town', 17, 4, '31000', 1),
(67, 'Kinniya', 17, 5, '31100', 1),
(68, 'Puttalam Town', 19, 4, '61300', 1),
(69, 'Chilaw', 19, 5, '61000', 1),
(70, 'Wennappuwa', 19, 5, '61170', 1),
(71, 'Anuradhapura Town', 20, 4, '50000', 1),
(72, 'Kekirawa', 20, 6, '50100', 1),
(73, 'Medawachchiya', 20, 6, '50500', 1),
(74, 'Polonnaruwa Town', 21, 4, '51000', 1),
(75, 'Kaduruwela', 21, 4, '51000', 1),
(76, 'Badulla Town', 22, 4, '90000', 1),
(77, 'Bandarawela', 22, 5, '90100', 1),
(78, 'Ella', 22, 6, '90090', 1),
(79, 'Monaragala Town', 23, 4, '91000', 1),
(80, 'Wellawaya', 23, 5, '91200', 1),
(81, 'Ratnapura Town', 24, 4, '70000', 1),
(82, 'Balangoda', 24, 5, '70100', 1),
(83, 'Embilipitiya', 24, 6, '70200', 1),
(84, 'Kegalle Town', 25, 4, '71000', 1),
(85, 'Mawanella', 25, 5, '71500', 1),
(86, 'Warakapola', 25, 5, '71600', 1);
COMMIT;

/*!40101 SET CHARACTER_SET_CLIENT=@OLD_CHARACTER_SET_CLIENT */;
/*!40101 SET CHARACTER_SET_RESULTS=@OLD_CHARACTER_SET_RESULTS */;
/*!40101 SET COLLATION_CONNECTION=@OLD_COLLATION_CONNECTION */;
